Year,Player,Place,r1,r2,r3,r4,Tot,TP,Money,1,2,3,4,Hit,Rank,Yards,Rank2,Hit3,Rank4,Avg,Tot5,Rank6,p3s,p4s,p5s,Egls,Brds,Pars,Bgys,Otrs
2019,Brooks Koepka,1,63,65,70,74,272,-8,1980000,1,1,1,1,32,44,313,10,53,1,29.5,118,33,1,-6,-3,0,19,42,11,0
2019,Dustin Johnson,2,69,67,69,69,274,-6,1188000,9,4,2,2,32,44,335.6,1,49,6,27.8,111,5,1,-4,-3,0,18,42,12,0
2019,Jordan Spieth,3,69,66,72,71,278,-2,575500,9,2,8,3,27,75,303.3,32,44,34,28,112,7,-2,3,-3,0,13,50,7,0
2019,Patrick Cantlay,3,69,70,68,71,278,-2,575500,9,19,8,3,36,19,314.6,7,46,20,28.3,113,10,1,3,-6,0,12,51,8,0
2019,Matt Wallace,3,69,67,70,72,278,-2,575500,9,4,6,3,30,61,300.3,41,41,57,27,108,2,2,-2,-2,0,15,45,11,0
2019,Luke List,6,68,68,69,74,279,-1,380000,4,4,2,6,25,79,319,2,42,47,27.3,109,3,5,1,-7,1,16,41,12,0
2019,Sung Kang,7,68,70,70,72,280,0,343650,4,10,12,7,37,13,308.1,19,45,27,29,116,18,1,1,-2,0,12,50,9,0
2019,Matt Kuchar,8,70,70,72,69,281,1,264395,17,26,26,8,36,19,297.8,47,47,12,29.8,119,39,4,1,-4,0,13,47,10,0
2019,Adam Scott,8,71,64,72,74,281,1,264395,41,2,8,8,27,75,301.5,37,42,47,28.5,114,14,4,-1,-2,0,13,46,12,0
2019,Rory McIlroy,8,72,71,69,69,281,1,264395,51,57,26,8,28,71,317.4,4,47,12,29.5,118,33,-1,8,-6,1,10,50,9,0
2019,Gary Woodland,8,70,70,73,68,281,1,264395,17,26,39,8,34,29,311.4,12,51,2,30.3,121,51,4,1,-4,0,15,45,8,0
2019,Shane Lowry,8,75,69,68,69,281,1,264395,112,68,26,8,35,22,300,42,46,20,29.3,117,25,1,2,-2,0,9,53,10,0
2019,Erik Van Rooyen,8,70,68,70,73,281,1,264395,17,10,12,8,35,22,305.3,26,48,9,29.5,118,33,-2,4,-1,0,17,38,16,0
2019,Chez Reavie,14,68,71,71,72,282,2,191665,4,19,16,14,37,13,289.1,68,36,76,26.8,107,1,3,-1,0,0,13,44,15,0
2019,Jazz Janewattananond,14,70,68,67,77,282,2,191665,17,10,2,14,32,44,304,30,45,27,28.8,115,15,3,2,-3,0,12,47,12,0
2019,Lucas Glover,16,72,69,69,73,283,3,143100,51,36,16,16,34,29,297,49,39,65,28,112,7,-3,9,-3,1,10,47,13,0
2019,Brandt Snedeker,16,74,67,73,69,283,3,143100,91,36,48,16,40,3,279.8,81,44,34,29.3,117,25,1,6,-4,0,12,46,13,0
2019,Mike Lorenzo-Vera,16,68,71,75,69,283,3,143100,4,19,48,16,29,66,302,36,40,62,28,112,7,2,5,-4,0,12,46,13,0
2019,Hideki Matsuyama,16,70,68,68,77,283,3,143100,17,10,6,16,37,13,303.5,31,42,47,28.3,113,10,0,7,-4,0,16,39,15,0
2019,Lucas Bjerregaard,16,71,69,70,73,283,3,143100,41,26,16,16,31,53,316.6,5,45,27,29.8,119,39,4,3,-4,2,9,46,14,0
2019,Abraham Ancer,16,73,70,69,71,283,3,143100,74,57,26,16,38,10,285.6,73,41,57,28.8,115,15,1,4,-2,0,12,46,13,0
2019,Xander Schauffele,16,70,69,68,76,283,3,143100,17,19,8,16,34,29,307,21,50,3,31,124,70,-1,6,-2,0,10,50,11,0
2019,Jimmy Walker,23,70,70,71,73,284,4,91000,17,26,22,23,33,36,304.6,28,50,3,30.8,123,64,2,3,-1,0,9,51,11,0
2019,Jason Day,23,69,74,69,72,284,4,91000,9,57,26,23,29,66,310,16,44,34,29.5,118,33,3,1,0,1,11,43,17,0
2019,Billy Horschel,23,70,72,71,71,284,4,91000,17,47,39,23,32,44,296.1,54,43,40,29,116,18,-1,9,-4,0,10,49,12,0
2019,Jason Kokrak,23,73,70,71,70,284,4,91000,74,57,48,23,35,22,307.9,20,42,47,29.5,118,33,0,3,1,0,12,44,16,0
2019,Emiliano Grillo,23,76,67,70,71,284,4,91000,123,57,39,23,34,29,302.9,33,47,12,30.5,122,57,1,7,-4,0,13,43,15,0
2019,Thomas Pieters,23,74,70,71,69,284,4,91000,91,68,55,23,28,71,298.8,43,44,34,29.8,119,39,1,9,-6,1,12,44,13,0
2019,Justin Rose,29,70,67,73,75,285,5,65000,17,9,16,29,32,44,309.6,17,47,12,30,120,47,2,0,3,0,12,44,15,0
2019,Paul Casey,29,70,71,75,69,285,5,65000,17,36,58,29,40,3,305.6,25,47,12,30,120,47,1,6,-2,0,12,45,13,0
2019,Graeme McDowell,29,70,72,73,70,285,5,65000,17,47,55,29,37,13,284.5,75,45,27,29.3,117,25,-1,8,-2,0,10,47,15,0
2019,Webb Simpson,29,72,69,72,72,285,5,65000,51,36,39,29,35,22,295.3,57,46,20,30.8,123,64,4,3,-2,0,11,45,16,0
2019,Keegan Bradley,29,70,70,73,72,285,5,65000,17,26,39,29,35,22,310.1,15,49,6,30.8,123,64,3,5,-3,0,9,49,14,0
2019,Adam Hadwin,29,72,70,70,73,285,5,65000,51,47,26,29,31,53,285.8,71,43,40,30,120,47,1,6,-2,0,11,45,16,0
2019,Sam Burns,29,70,72,69,74,285,5,65000,17,47,22,29,35,22,311.8,11,43,40,30,120,47,3,5,-3,0,15,37,20,0
2019,Danny Lee,36,64,74,71,77,286,6,48200,2,10,14,36,24,81,306.5,23,36,76,27.3,109,3,-4,12,-2,0,16,36,18,0
2019,Rickie Fowler,36,69,69,71,77,286,6,48200,9,10,14,36,31,53,310.6,14,47,12,30.8,123,64,0,6,0,0,11,46,13,0
2019,Haotong Li,36,73,69,70,74,286,6,48200,74,47,26,36,33,36,293.9,61,44,34,29.8,119,39,2,4,0,0,14,41,14,0
2019,Beau Hossler,36,72,69,77,68,286,6,48200,51,36,70,36,36,19,294.9,58,44,34,29.8,119,39,2,5,-1,0,14,39,18,0
2019,Harold Varner III,36,71,67,67,81,286,6,48200,41,10,2,36,30,61,308.3,18,42,47,30.3,121,51,4,2,0,0,10,49,10,0
2019,Charles Howell III,41,72,67,73,75,287,7,36036,51,19,26,41,30,61,304.9,27,39,65,29.3,117,25,1,5,1,0,12,43,15,0
2019,Scott Piercy,41,72,67,72,76,287,7,36036,51,19,22,41,33,36,304.1,29,46,20,30.8,123,64,4,6,-3,0,11,44,16,0
2019,Kiradech Aphibarnrat,41,76,68,68,75,287,7,36036,123,68,26,41,33,36,284,77,39,65,28.3,113,10,1,9,-3,0,14,43,9,0
2019,Danny Willett,41,71,70,69,77,287,7,36036,41,36,16,41,32,44,307,21,50,3,31.5,126,74,6,4,-3,0,12,44,14,0
2019,Adam Long,41,73,70,69,75,287,7,36036,74,57,26,41,37,13,291.5,65,47,12,31,124,70,1,7,-1,0,6,54,11,0
2018,Brooks Koepka,1,69,63,66,66,264,-16,1980000,33,3,1,1,41,14,324.1,2,54,15,27.3,109,3,-1,-9,-6,0,22,45,4,0
2018,Tiger Woods,2,70,66,66,64,266,-14,1188000,48,19,6,2,32,74,306,27,52,27,27.3,109,3,-2,-7,-5,0,23,41,7,0
2018,Adam Scott,3,70,65,65,67,267,-13,748000,48,12,2,3,34,63,308.3,18,53,20,28.5,114,19,-4,-4,-5,0,20,45,7,0
2018,Stewart Cink,4,67,69,66,67,269,-11,489250,5,19,6,4,38,40,299.8,43,55,4,29,116,36,-3,-5,-3,0,18,47,7,0
2018,Jon Rahm,4,68,67,66,68,269,-11,489250,16,12,3,4,38,40,315,13,54,15,29.5,118,49,-4,-3,-4,0,17,50,4,0
2018,Francesco Molinari,6,68,67,68,67,270,-10,334713,16,12,12,6,43,6,300.1,42,53,20,28.3,113,14,2,-9,-3,0,16,51,4,0
2018,Gary Woodland,6,64,66,71,69,270,-10,334713,1,1,3,6,41,14,319.6,5,53,20,28.5,114,19,-3,0,-7,1,19,43,8,0
2018,Thomas Pieters,6,67,66,71,66,270,-10,334713,5,5,15,6,36,51,315.4,12,55,4,29,116,36,-2,-6,-2,0,18,47,6,0
2018,Justin Thomas,6,69,65,68,68,270,-10,334713,33,9,6,6,36,51,317.1,8,55,4,29,116,36,0,-7,-3,0,17,48,7,0
2018,Rafael Cabrera-Bello,10,70,68,69,64,271,-9,261985,48,37,36,10,40,24,297.3,49,45,66,26.8,107,1,1,-7,-3,1,15,48,8,0
2018,Tyrrell Hatton,10,71,67,69,64,271,-9,261985,62,37,36,10,34,63,301.4,40,57,1,30.3,121,69,2,-7,-4,0,18,46,7,0
2018,Chez Reavie,12,71,68,67,66,272,-8,187747,62,49,28,12,39,32,287.1,74,55,4,29.5,118,49,-2,-5,-1,0,16,48,8,0
2018,Kevin Kisner,12,67,64,72,69,272,-8,187747,5,2,12,12,48,1,286.5,75,53,20,29.3,117,41,0,-4,-4,0,16,49,6,0
2018,Rickie Fowler,12,65,67,69,71,272,-8,187747,2,3,3,12,40,24,307.3,23,55,4,29.8,119,57,-1,-2,-5,0,15,50,7,0
2018,Shane Lowry,12,69,64,69,70,272,-8,187747,33,5,6,12,46,2,303.5,33,55,4,29.3,117,41,-3,-3,-2,0,16,48,8,0
2018,Jordan Spieth,12,71,66,69,66,272,-8,187747,62,25,28,12,39,32,302,38,52,27,28,112,11,2,-7,-3,0,17,50,2,0
2018,Brandon Stone,12,66,68,70,68,272,-8,187747,3,9,15,12,36,51,310.3,17,52,27,28.8,115,26,-1,-1,-6,1,15,47,9,0
2018,Daniel Berger,12,73,65,66,68,272,-8,187747,100,37,15,12,43,6,301.5,39,54,15,29,116,36,-1,-4,-3,0,18,47,5,0
2018,Justin Rose,19,67,69,69,68,273,-7,113125,5,19,21,19,38,40,307.1,24,47,55,27.5,110,6,-2,2,-7,0,19,41,12,0
2018,Zach Johnson,19,66,70,71,66,273,-7,113125,3,19,36,19,41,14,290.6,65,51,33,28.5,114,19,-1,-4,-2,0,18,43,11,0
2018,Kevin Na,19,70,69,68,66,273,-7,113125,48,49,36,19,41,14,289.4,70,51,33,27.8,111,9,1,-5,-3,0,19,42,10,0
2018,Jason Day,19,67,68,67,71,273,-7,113125,5,12,6,19,36,51,322.3,3,53,20,29.5,118,49,0,-3,-4,0,15,49,8,0
2018,Webb Simpson,19,68,68,68,69,273,-7,113125,16,19,15,19,36,51,294.8,54,55,4,29.5,118,49,0,-5,-2,0,16,47,9,0
2018,Jason Kokrak,19,68,67,71,67,273,-7,113125,16,12,28,19,35,57,319.1,6,56,3,31,124,79,-1,-3,-3,0,13,53,6,0
2018,Julian Suri,19,69,66,68,70,273,-7,113125,33,12,12,19,40,24,304.6,28,57,1,30.5,122,71,-4,2,-5,1,11,54,6,0
2018,Matt Wallace,19,71,66,68,68,273,-7,113125,62,25,21,19,37,49,302.1,37,45,66,27.3,109,3,-2,-3,-2,2,13,48,8,0
2018,Ryan Fox,27,68,70,68,68,274,-6,76000,16,37,28,27,28,79,317,9,47,55,28.8,115,26,-1,-1,-4,0,17,44,11,0
2018,Branden Grace,27,68,70,68,68,274,-6,76000,16,37,28,27,40,24,307.9,20,47,55,28.8,115,26,-1,-2,-3,0,14,50,8,0
2018,Dustin Johnson,27,67,66,72,69,274,-6,76000,5,5,21,27,39,32,316.1,10,47,55,28,112,11,-2,0,-4,0,20,39,12,0
2018,Patrick Cantlay,27,68,67,70,69,274,-6,76000,16,12,21,27,38,40,298.1,46,54,15,30.3,121,69,1,-3,-4,0,12,54,6,0
2018,Ian Poulter,31,67,70,68,70,275,-5,63500,5,25,21,31,41,14,294.3,55,49,42,28.5,114,19,0,-4,-1,0,14,49,9,0
2018,Dylan Frittelli,31,73,67,67,68,275,-5,63500,100,63,36,31,33,69,297.4,48,47,55,28.5,114,19,-1,0,-4,0,17,43,12,0
2018,Chris Kirk,31,68,70,68,69,275,-5,63500,16,37,28,31,42,10,285.3,77,48,48,28.5,114,19,1,-4,-2,0,14,49,9,0
2018,Emiliano Grillo,31,69,67,69,70,275,-5,63500,33,19,21,31,41,14,284.1,78,51,33,29.3,117,41,-2,2,-5,0,15,48,8,0
2018,Pat Perez,35,67,67,70,72,276,-4,48429,5,9,15,35,34,63,296.8,51,49,42,28.8,115,26,-3,2,-3,0,13,51,7,0
2018,Billy Horschel,35,68,69,69,70,276,-4,48429,16,25,28,35,40,24,304.4,30,55,4,29.8,119,57,5,-5,-4,0,15,48,8,0
2018,Tommy Fleetwood,35,69,70,69,68,276,-4,48429,33,49,45,35,43,6,310.5,16,54,15,30,120,64,4,-6,-2,0,15,47,9,0
2018,Hideki Matsuyama,35,68,69,73,66,276,-4,48429,16,25,63,35,34,63,303,34,49,42,28.8,115,26,1,1,-6,1,17,42,9,0
2018,Russell Knox,35,71,68,69,68,276,-4,48429,62,49,45,35,41,14,291.9,61,52,27,29.3,117,41,-3,-1,0,0,18,41,12,0
2018,J.J. Spaun,35,69,68,72,67,276,-4,48429,33,25,57,35,42,10,290.6,65,51,33,29.5,118,49,3,-2,-5,0,16,46,8,0
2018,Xander Schauffele,35,70,67,67,72,276,-4,48429,48,25,15,35,34,63,301.4,40,50,40,29.5,118,49,-5,4,-3,0,17,42,13,0
2018,Jimmy Walker,42,69,70,69,69,277,-3,33281,33,49,45,42,29,77,293.1,57,44,70,27.8,111,9,-1,2,-4,0,13,50,8,0
2018,Charl Schwartzel,42,70,63,69,75,277,-3,33281,48,5,6,42,38,40,304.5,29,48,48,28.8,115,26,4,-4,-3,0,15,46,10,0
2018,Martin Kaymer,42,71,69,67,70,277,-3,33281,62,63,36,42,40,24,290.9,63,53,20,30,120,64,0,-3,0,1,12,50,7,0
2018,Brandt Snedeker,42,72,67,69,69,277,-3,33281,83,49,45,42,39,32,290.9,63,52,27,29.5,118,49,2,-2,-3,0,15,46,10,0
2017,Justin Thomas,1,73,66,69,68,276,-8,1890000,44,7,4,1,28,62,328,1,45,17,27,108,2,1,-2,-7,0,20,40,12,0
2017,Francesco Molinari,2,73,64,74,67,278,-6,784000,44,5,7,2,40,5,300.8,35,46,16,28,112,11,2,-1,-7,1,16,44,10,0
2017,Louis Oosthuizen,2,70,67,71,70,278,-6,784000,15,5,4,2,34,35,312.3,10,47,10,28.8,115,23,1,2,-9,2,12,48,10,0
2017,Patrick Reed,2,69,73,69,67,278,-6,784000,8,17,7,2,32,47,302.6,29,43,30,27.8,111,6,0,2,-8,0,17,45,9,0
2017,Rickie Fowler,5,69,70,73,67,279,-5,388500,8,7,12,5,31,52,300.4,39,44,22,27,108,2,-1,1,-5,0,18,44,8,0
2017,Hideki Matsuyama,5,70,64,73,72,279,-5,388500,15,1,2,5,34,35,310.6,14,45,17,28,112,11,0,4,-9,0,19,39,14,0
2017,Graham Delaet,7,70,73,68,69,280,-4,317500,15,21,7,7,39,9,303.8,26,53,1,31,124,67,1,-1,-4,2,16,40,12,0
2017,Kevin Kisner,7,67,67,72,74,280,-4,317500,1,1,1,7,41,2,295.6,50,52,2,30,120,56,1,4,-9,1,15,45,9,0
2017,Matt Kuchar,9,71,74,70,68,283,-1,250000,25,43,26,9,38,13,282.3,71,42,41,28.3,113,15,1,3,-5,0,14,45,13,0
2017,Chris Stroud,9,68,68,71,76,283,-1,250000,3,3,2,9,33,42,294,54,43,30,28.5,114,19,4,0,-5,0,16,42,13,0
2017,Jason Day,9,70,66,77,70,283,-1,250000,15,3,16,9,23,74,325,3,40,59,27.8,111,6,1,2,-4,2,16,39,13,0
2017,Jordan L Smith,9,70,75,70,68,283,-1,250000,15,43,26,9,39,9,307,20,52,2,31,124,67,0,3,-4,1,14,43,13,0
2017,Henrik Stenson,13,74,70,70,70,284,0,160000,62,29,18,13,39,9,290,61,49,8,30,120,56,1,3,-4,0,13,46,13,0
2017,Paul Casey,13,69,70,74,71,284,0,160000,8,7,16,13,35,30,301.5,34,47,10,29.3,117,37,3,2,-5,0,12,49,10,0
2017,Ryan Moore,13,71,71,73,69,284,0,160000,25,17,26,13,41,2,287.5,65,50,5,30.5,122,65,-1,4,-3,0,10,52,10,0
2017,Marc Leishman,13,75,71,71,67,284,0,160000,80,60,47,13,33,42,299.9,41,44,22,29.3,117,37,4,-2,-2,1,11,47,13,0
2017,Brian Harman,13,69,75,71,69,284,0,160000,8,29,26,13,34,35,295.1,52,41,50,28.5,114,19,3,3,-6,0,16,40,16,0
2017,Scott Brown,13,73,68,70,73,284,0,160000,44,11,7,13,36,26,291.8,56,42,41,28.3,113,15,1,3,-4,0,11,50,11,0
2017,Dustin Johnson,13,70,74,73,67,284,0,160000,15,29,47,13,32,47,311.1,12,44,22,29.5,118,45,2,5,-7,0,15,42,15,0
2017,James Hahn,13,73,70,71,70,284,0,160000,44,21,18,13,27,67,295.3,51,44,22,28.8,115,23,0,5,-5,0,12,50,8,0
2017,Brooks Koepka,13,68,73,74,69,284,0,160000,3,11,26,13,30,56,309.6,17,45,17,30,120,56,0,6,-6,0,18,37,16,0
2017,Ian Poulter,22,74,71,71,69,285,1,89167,62,43,37,22,28,62,284.3,67,38,63,26.8,107,1,0,4,-3,1,12,45,13,0
2017,Chez Reavie,22,72,70,70,73,285,1,89167,33,17,12,22,43,1,287.9,64,49,8,29.8,119,49,4,4,-7,1,9,51,10,0
2017,Rory McIlroy,22,72,72,73,68,285,1,89167,33,29,47,22,27,67,326.1,2,43,30,29.3,117,37,4,4,-7,0,14,44,13,0
2017,Gary Woodland,22,68,74,69,74,285,1,89167,3,17,7,22,41,2,314.9,8,47,10,29.8,119,49,0,5,-4,0,12,48,11,0
2017,Grayson Murray,22,68,73,69,75,285,1,89167,3,11,6,22,25,72,317.4,6,45,17,28.8,115,23,-1,12,-10,1,18,35,15,0
2017,Robert Streb,22,74,70,70,71,285,1,89167,62,29,18,22,28,62,297,46,39,61,27.3,109,4,-2,4,-1,1,10,48,13,0
2017,Pat Perez,28,70,76,69,71,286,2,64200,15,60,26,28,40,5,291,58,50,5,31.3,125,72,1,6,-5,1,10,48,12,0
2017,Richard Sterne,28,73,72,70,71,286,2,64200,44,43,26,28,31,52,290.1,60,43,30,29,116,29,0,5,-3,0,14,42,16,0
2017,J.B. Holmes,28,74,73,67,72,286,2,64200,62,70,18,28,34,35,316.4,7,44,22,29.3,117,37,4,2,-4,0,12,47,12,0
2017,Byeong Hun An,28,71,69,74,72,286,2,64200,25,10,18,28,35,30,304.1,23,42,41,29,116,29,4,4,-6,1,12,44,14,0
2017,Jordan Spieth,28,72,73,71,70,286,2,64200,33,43,37,28,34,35,300.6,37,41,50,28,112,11,2,0,0,0,12,48,10,0
2017,Chris Wood,33,72,72,70,73,287,3,47000,33,29,18,33,34,35,296.3,47,41,50,29,116,29,3,7,-7,0,13,43,16,0
2017,Sean O'Hair,33,71,75,70,71,287,3,47000,25,60,37,33,30,56,311.1,12,51,4,31,124,67,-2,8,-3,0,9,52,10,0
2017,Lucas Glover,33,75,70,72,70,287,3,47000,80,43,47,33,37,18,302.6,29,42,41,28.3,113,15,2,4,-3,1,14,41,13,0
2017,Webb Simpson,33,76,70,72,69,287,3,47000,95,60,59,33,37,18,283.8,69,41,50,28.8,115,23,1,7,-5,0,14,43,13,0
2017,Jamie Lovemark,33,74,71,72,70,287,3,47000,62,43,47,33,33,42,308,19,37,67,27.8,111,6,3,12,-12,2,13,39,16,0
2017,Jason Kokrak,33,75,70,72,70,287,3,47000,80,43,47,33,24,73,312.8,9,50,5,31.3,125,72,3,2,-2,0,15,41,15,0
2017,Kevin Chappell,33,72,75,69,71,287,3,47000,33,70,37,33,32,47,310.4,15,43,30,29.8,119,49,3,6,-6,1,10,46,15,0
2017,Keegan Bradley,33,74,70,73,70,287,3,47000,62,29,47,33,40,5,303.5,27,43,30,29.5,118,45,1,6,-4,0,13,43,16,0
2017,Bud Cauley,33,69,74,74,70,287,3,47000,8,21,47,33,33,42,292.8,55,45,17,29.3,117,37,3,2,-2,0,11,50,9,0
2017,Patrick Cantlay,33,72,71,72,72,287,3,47000,33,21,26,33,35,30,302.6,29,38,63,28.5,114,19,6,6,-9,2,11,43,14,0
2017,Bryson DeChambeau,33,73,71,72,71,287,3,47000,44,29,37,33,35,30,300.8,35,47,10,30,120,56,2,9,-8,2,12,41,15,0
2017,Sung Kang,44,70,71,71,76,288,4,32125,15,11,12,44,32,47,304.1,23,42,41,29,116,29,5,8,-9,0,18,34,18,0
2017,Tony Finau,44,69,74,71,74,288,4,32125,8,21,18,44,28,62,324.5,4,41,50,29.3,117,37,7,6,-9,1,14,40,14,0
2016,Jimmy Walker,1,65,66,68,67,266,-14,1800000,1,1,1,1,34,43,284.3,63,55,12,28.8,115,4,-3,-9,-2,0,19,48,5,0
2016,Jason Day,2,68,65,67,67,267,-13,1080000,9,3,2,2,30,70,299.5,16,62,2,30,120,25,-5,-5,-3,1,17,49,4,0
2016,Daniel Summerhays,3,70,67,67,66,270,-10,680000,36,13,8,3,33,52,286.9,52,50,59,29,116,7,-2,-3,-5,2,16,44,10,0
2016,Branden Grace,4,70,68,66,67,271,-9,405000,36,22,8,4,39,15,296.6,21,58,6,29.8,119,17,-1,-5,-3,0,17,49,5,0
2016,Hideki Matsuyama,4,69,67,67,68,271,-9,405000,21,9,5,4,41,9,297.8,20,59,4,30.8,123,54,-1,-3,-5,1,12,54,5,0
2016,Brooks Koepka,4,68,67,66,70,271,-9,405000,9,6,3,4,31,67,301.8,11,55,12,29.3,117,10,-3,-1,-5,1,17,45,8,0
2016,Henrik Stenson,7,67,67,67,71,272,-8,293000,5,5,3,7,40,12,278.4,71,59,4,31.3,125,69,1,-5,-4,1,13,52,5,0
2016,Martin Kaymer,7,66,69,71,66,272,-8,293000,2,6,14,7,33,52,281.8,64,51,53,28.8,115,4,-2,-2,-4,1,16,45,10,0
2016,Robert Streb,7,68,63,72,69,272,-8,293000,9,1,5,7,28,79,296.5,22,52,42,29.3,117,10,-2,-6,0,0,14,52,6,0
2016,Paul Casey,10,69,69,68,67,273,-7,233000,21,22,14,10,40,12,301.5,13,62,2,31.3,125,69,1,-6,-2,0,17,47,6,0
2016,William McGirt,10,70,67,66,70,273,-7,233000,36,13,5,10,42,6,290,43,58,6,30.8,123,54,-2,-2,-3,0,14,51,7,0
2016,Tyrrell Hatton,10,71,68,66,68,273,-7,233000,55,34,11,10,33,52,298.4,18,56,9,30.3,121,39,-3,-1,-3,0,12,56,3,0
2016,Padraig Harrington,13,71,70,65,68,274,-6,172400,55,61,14,13,34,43,294,30,55,12,30.3,121,39,2,-6,-2,0,14,51,6,0
2016,Webb Simpson,13,69,69,66,70,274,-6,172400,21,22,8,13,36,32,293,33,53,29,30.3,121,39,0,-2,-4,0,14,50,8,0
2016,Emiliano Grillo,13,66,67,73,68,274,-6,172400,2,3,14,13,37,26,288.8,48,56,9,30.5,122,47,-3,-1,-2,0,15,48,9,0
2016,Jordan Spieth,13,70,67,69,68,274,-6,172400,36,13,14,13,29,76,292.8,35,55,12,30.5,122,47,-1,-2,-3,0,12,55,4,0
2016,Patrick Reed,13,70,65,70,69,274,-6,172400,36,6,11,13,24,84,290,43,54,19,29.8,119,17,-1,0,-5,0,17,46,7,0
2016,John Senden,18,68,70,69,68,275,-5,121000,9,22,24,18,33,52,285.6,57,53,29,30,120,25,-3,-1,-1,0,13,51,8,0
2016,Adam Scott,18,70,67,69,69,275,-5,121000,36,13,14,18,34,43,312.5,1,53,29,30.3,121,39,3,-7,-1,1,11,52,8,0
2016,Gregory Bourdy,18,69,68,69,69,275,-5,121000,21,13,14,18,44,2,278.3,72,56,9,31.3,125,69,-1,-2,-2,0,14,49,9,0
2016,Kevin Kisner,18,71,69,65,70,275,-5,121000,55,48,11,18,36,32,287.1,51,52,42,30,120,25,-2,4,-7,0,16,45,11,0
2016,Justin Rose,22,70,72,66,68,276,-4,75636,36,70,30,22,30,70,295.4,26,47,73,28.5,114,3,-1,1,-4,0,14,48,10,0
2016,K.J. Choi,22,68,70,71,67,276,-4,75636,9,22,37,22,39,15,262.3,86,50,59,29.8,119,17,-4,3,-3,0,15,46,11,0
2016,Francesco Molinari,22,71,70,68,67,276,-4,75636,55,61,37,22,43,3,285.3,60,51,53,30,120,25,-1,-1,-2,0,13,52,5,0
2016,Kevin Na,22,71,68,71,66,276,-4,75636,55,34,46,22,41,9,274.1,76,53,29,30.3,121,39,-2,-1,-1,0,12,53,6,0
2016,Louis Oosthuizen,22,68,70,70,68,276,-4,75636,9,22,30,22,33,52,293.1,32,63,1,33,132,85,-2,2,-4,0,14,48,10,0
2016,Jhonattan Vegas,22,68,71,70,67,276,-4,75636,9,34,37,22,31,67,304.4,8,52,42,30,120,25,0,-2,-2,0,13,51,7,0
2016,Billy Hurley III,22,72,65,69,70,276,-4,75636,81,13,14,22,37,26,269.8,80,53,29,29.5,118,14,1,-5,0,0,16,45,10,0
2016,Kyle Reifers,22,70,70,70,66,276,-4,75636,36,48,46,22,43,3,285.9,56,57,8,31,124,63,-2,2,-4,0,14,49,8,0
2016,Russell Knox,22,70,70,67,69,276,-4,75636,36,48,24,22,43,3,286.6,54,55,12,31,124,63,-3,-1,0,0,14,48,10,0
2016,Russell Henley,22,68,72,68,68,276,-4,75636,9,48,30,22,34,43,290.4,42,55,12,30.8,123,54,-1,-1,-2,0,14,48,10,0
2016,David Lingmerth,22,68,70,69,69,276,-4,75636,9,22,24,22,37,26,284.9,61,46,75,28.8,115,4,2,-2,-4,0,13,51,7,0
2016,Phil Mickelson,33,71,70,68,68,277,-3,45289,55,61,37,33,34,43,294.9,27,53,29,30,120,25,1,-1,-3,0,14,49,8,0
2016,Hideto Tanihara,33,71,66,73,67,277,-3,45289,55,13,46,33,35,38,278.6,70,53,29,30.8,123,54,1,-1,-3,0,12,52,7,0
2016,Soren Kjeldsen,33,70,69,73,65,277,-3,45289,36,34,66,33,41,9,275.1,74,53,29,30.5,122,47,0,0,-3,0,8,59,5,0
2016,Vaughn Taylor,33,68,71,70,68,277,-3,45289,9,34,37,33,39,15,286.8,53,53,29,30,120,25,2,-2,-3,0,15,46,10,0
2016,Zach Johnson,33,71,66,71,69,277,-3,45289,55,13,30,33,38,22,278,73,53,29,30,120,25,0,0,-3,0,13,49,10,0
2016,Yuta Ikeda,33,70,67,73,67,277,-3,45289,36,13,46,33,34,43,290.6,40,45,81,28.3,113,2,-3,5,-5,1,12,48,11,0
2016,Joost Luiten,33,72,70,70,65,277,-3,45289,81,70,66,33,32,57,281.8,64,49,64,29.5,118,14,0,1,-4,0,20,36,15,0
2016,Rickie Fowler,33,68,68,71,70,277,-3,45289,9,9,24,33,32,57,307.8,5,46,75,29.3,117,10,2,1,-6,1,9,54,8,0
2016,Jon Curran,33,69,69,69,70,277,-3,45289,21,22,24,33,36,32,269.1,82,54,19,30,120,25,-2,0,-1,0,13,51,6,0
2016,Steve Stricker,42,69,70,67,72,278,-2,30143,21,34,14,42,34,43,280.1,69,49,64,29.3,117,10,-1,2,-3,0,12,51,8,0
2016,Scott Hend,42,68,70,68,72,278,-2,30143,9,22,14,42,36,32,291.4,39,49,64,29.8,119,17,-4,4,-2,0,14,47,10,0
2016,Ryan Palmer,42,71,71,69,67,278,-2,30143,55,70,58,42,32,57,306.5,7,54,19,30,120,25,-4,6,-4,1,16,42,11,0
2016,Jamie Donaldson,42,69,67,72,70,278,-2,30143,21,9,30,42,23,86,292.4,36,48,70,29.8,119,17,0,3,-5,0,14,46,12,0
2015,Jason Day,1,68,67,66,67,268,-20,1800000,3,2,1,1,41,5,307.1,5,55,2,27.5,110,21,-4,-2,-14,2,25,37,7,0
2015,Jordan Spieth,2,71,67,65,68,271,-17,1080000,24,7,2,2,36,31,288.9,46,54,3,27.3,109,15,-4,-7,-6,0,21,47,4,0
2015,Branden Grace,3,71,69,64,69,273,-15,680000,24,15,3,3,32,49,294.8,32,48,33,26.3,105,6,-7,-2,-6,0,23,43,4,0
2015,Justin Rose,4,69,67,68,70,274,-14,480000,11,3,3,4,39,13,301.9,10,56,1,28.5,114,40,-5,-1,-8,0,25,39,5,0
2015,Anirban Lahiri,5,70,67,70,68,275,-13,367500,15,4,8,5,41,5,295.3,29,49,28,27.3,109,15,-3,-1,-9,0,23,40,8,0
2015,Brooks Koepka,5,73,69,67,66,275,-13,367500,55,27,13,5,33,42,301,11,47,36,27,108,13,-1,-5,-7,1,20,42,9,0
2015,Matt Kuchar,7,68,72,68,68,276,-12,293000,3,15,10,7,40,11,287.4,52,50,21,28.3,113,34,-4,1,-9,1,19,43,9,0
2015,George Coetzee,7,74,65,70,67,276,-12,293000,71,10,13,7,29,70,282.5,66,44,55,25.5,102,1,-2,-1,-9,1,21,39,11,0
2015,Dustin Johnson,7,66,73,68,69,276,-12,293000,1,10,8,7,30,65,311.3,1,47,36,26.8,107,9,1,-1,-12,3,19,40,9,0
2015,Tony Finau,10,71,66,69,71,277,-11,243000,24,4,6,10,30,65,303.5,8,50,21,28,112,28,1,1,-13,2,19,42,7,0
2015,Robert Streb,10,70,73,67,67,277,-11,243000,15,37,17,10,33,42,298,18,53,4,29.5,118,61,-2,-2,-7,0,19,45,8,0
2015,Martin Kaymer,12,70,70,65,73,278,-10,185400,15,15,5,12,35,35,289.4,44,47,36,27,108,13,-3,0,-7,0,19,46,5,0
2015,Brandt Snedeker,12,71,70,68,69,278,-10,185400,24,25,13,12,36,31,282.8,65,47,36,26.8,107,9,-2,1,-9,0,19,45,7,0
2015,Brendan Steele,12,69,69,73,67,278,-10,185400,11,7,24,12,41,5,290.6,39,49,28,28.3,113,34,-2,-1,-7,1,13,54,3,0
2015,Russell Henley,12,68,71,70,69,278,-10,185400,3,10,13,12,41,5,288,50,50,21,27.5,110,21,1,1,-12,1,18,44,8,0
2015,David Lingmerth,12,67,70,75,66,278,-10,185400,2,4,30,12,37,23,289,45,46,44,26,104,4,0,-2,-8,0,25,34,11,0
2015,Rory McIlroy,17,71,71,68,69,279,-9,148000,24,27,17,17,37,23,308.6,3,51,15,29.3,117,53,1,1,-11,2,16,44,9,0
2015,Phil Mickelson,18,72,73,66,69,280,-8,126000,39,61,24,18,27,76,296,25,41,70,25.5,102,1,3,-2,-9,2,18,39,12,0
2015,Victor Dubuisson,18,76,70,67,67,280,-8,126000,102,70,36,18,35,35,304.1,6,50,21,29,116,50,-1,2,-9,2,17,41,11,0
2015,Justin Thomas,18,72,70,68,70,280,-8,126000,39,27,17,18,32,49,303,9,53,4,29.3,117,53,3,-1,-10,1,19,40,11,0
2015,Bubba Watson,21,72,71,70,68,281,-7,97667,39,37,36,21,31,60,310.8,2,53,4,29.5,118,61,1,-3,-5,1,17,42,12,0
2015,Matt Jones,21,68,65,73,75,281,-7,97667,3,1,6,21,30,65,307.4,4,50,21,28,112,28,1,-3,-5,0,17,46,8,0
2015,Hiroshi Iwata,21,77,63,70,71,281,-7,97667,123,15,17,21,32,49,286.6,54,38,74,25.5,102,1,1,-3,-5,1,15,47,8,0
2015,J.B. Holmes,24,68,71,69,74,282,-6,86000,3,10,10,24,28,75,304,7,42,64,26,104,4,3,-1,-8,1,17,43,10,0
2015,Ernie Els,25,71,71,69,72,283,-5,74600,24,27,24,25,32,49,297,22,46,44,28.5,114,40,-2,2,-5,0,14,49,9,0
2015,Henrik Stenson,25,76,66,70,71,283,-5,74600,102,27,30,25,42,3,294.8,32,53,4,30.3,121,70,2,2,-9,1,15,45,10,0
2015,Billy Horschel,25,72,68,68,75,283,-5,74600,39,15,10,25,36,31,286.5,55,46,44,26.8,107,9,0,-1,-4,0,18,44,7,0
2015,Tyrrell Hatton,25,73,72,68,70,283,-5,74600,55,61,36,25,29,70,289.8,43,43,60,26.8,107,9,-1,0,-4,0,16,46,9,0
2015,Cameron Smith,25,74,68,70,71,283,-5,74600,71,27,30,25,39,13,283.1,64,44,55,26.3,105,6,-1,2,-6,0,19,40,12,0
2015,Steve Stricker,30,71,72,71,70,284,-4,56057,24,37,44,30,38,16,291.6,38,44,55,27.3,109,15,1,0,-5,0,16,46,8,0
2015,Jim Furyk,30,73,70,69,72,284,-4,56057,55,37,30,30,38,16,275.9,75,51,15,29.3,117,53,-6,2,0,0,16,44,12,0
2015,Paul Casey,30,70,70,70,74,284,-4,56057,15,15,17,30,34,39,294.3,34,52,12,29.3,117,53,-1,5,-8,1,19,36,15,0
2015,Louis Oosthuizen,30,72,71,72,69,284,-4,56057,39,37,52,30,36,31,299.6,14,45,49,28.3,113,34,-1,4,-7,0,14,49,8,0
2015,Nick Watney,30,78,68,68,70,284,-4,56057,132,70,44,30,35,35,287.5,51,53,4,29.3,117,53,2,-1,-5,0,19,40,12,0
2015,Rickie Fowler,30,73,70,70,71,284,-4,56057,55,37,36,30,33,42,289.9,42,45,49,27.5,110,21,2,3,-9,1,18,41,10,0
2015,Patrick Reed,30,75,69,67,73,284,-4,56057,86,50,24,30,32,49,297.8,19,42,64,27.3,109,15,-1,5,-8,0,15,46,11,0
2015,Vijay Singh,37,73,71,71,70,285,-3,39200,55,50,52,37,38,16,288.6,48,53,4,30.3,121,70,1,1,-5,1,12,50,7,0
2015,Jason Bohn,37,74,71,66,74,285,-3,39200,71,61,24,37,38,16,275.1,76,47,36,28.5,114,40,0,0,-3,0,14,47,11,0
2015,Boo Weekley,37,75,70,65,75,285,-3,39200,86,61,17,37,34,39,300,13,50,21,29,116,50,-2,1,-2,0,16,44,11,0
2015,Charl Schwartzel,37,73,69,68,75,285,-3,39200,55,27,17,37,43,2,299.4,15,51,15,29.3,117,53,2,3,-8,1,17,39,14,0
2015,Ryan Moore,37,73,70,75,67,285,-3,39200,55,37,64,37,40,11,280.4,68,49,28,29,116,50,1,3,-7,1,13,46,12,0
2015,Hideki Matsuyama,37,70,70,71,74,285,-3,39200,15,15,24,37,31,60,284.6,60,45,49,27.5,110,21,1,3,-7,0,19,40,11,0
2015,Lee Westwood,43,72,72,70,72,286,-2,30000,39,50,44,43,35,35,295.8,27,49,28,29.3,117,53,-1,0,-1,0,17,42,11,0
2015,Luke Donald,43,72,70,70,74,286,-2,30000,39,27,30,43,31,60,272.5,77,43,60,26.5,106,8,1,0,-3,0,13,50,7,0
2015,Hunter Mahan,43,72,68,73,73,286,-2,30000,39,15,36,43,34,39,295.9,26,51,15,29.5,118,61,4,-1,-5,0,14,47,10,0
2014,Rory McIlroy,1,66,67,67,68,268,-16,1800000,4,1,1,1,41,10,315.6,1,50,14,27.3,109,13,2,-9,-9,2,21,41,7,0
2014,Phil Mickelson,2,69,67,67,66,269,-15,1080000,20,7,4,2,35,47,290.8,34,46,42,26.8,107,5,-2,-3,-10,1,21,42,8,0
2014,Henrik Stenson,3,66,71,67,66,270,-14,580000,4,9,6,3,40,17,290.6,35,51,13,27,108,9,0,-5,-9,0,21,44,7,0
2014,Rickie Fowler,3,69,66,67,68,270,-14,580000,20,4,3,3,38,31,302.6,6,48,30,26.8,107,5,-2,-3,-9,0,22,42,8,0
2014,Jim Furyk,5,66,68,72,66,272,-12,367500,4,2,13,5,46,3,276.6,69,50,14,27.8,111,20,-2,-5,-5,0,17,50,5,0
2014,Ryan Palmer,5,65,70,69,68,272,-12,367500,1,4,6,5,31,66,303.9,5,46,42,26.8,107,5,0,-2,-10,1,18,45,8,0
2014,Ernie Els,7,70,70,68,65,273,-11,263000,35,26,23,7,38,31,292.4,28,47,32,27.3,109,13,-5,1,-7,1,18,44,9,0
2014,Steve Stricker,7,69,68,68,68,273,-11,263000,20,9,10,7,34,55,288,42,50,14,27.8,111,20,-1,-8,-2,0,17,49,6,0
2014,Hunter Mahan,7,70,71,65,67,273,-11,263000,35,38,13,7,38,31,293.8,27,55,1,28.8,115,39,0,-8,-3,0,16,51,5,0
2014,Mikko Ilonen,7,67,68,69,69,273,-11,263000,9,4,6,7,39,24,284.9,52,44,54,26,104,3,-5,0,-6,0,19,46,6,0
2014,Jimmy Walker,7,69,71,68,65,273,-11,263000,20,26,23,7,26,73,301.4,8,49,22,27.8,111,20,-1,-6,-4,0,18,47,7,0
2014,Victor Dubuisson,7,69,68,70,66,273,-11,263000,20,9,19,7,39,24,300.5,9,48,30,27.5,110,16,-1,0,-10,1,16,48,7,0
2014,Brandt Snedeker,13,73,68,66,67,274,-10,191000,93,38,19,13,41,10,287.8,43,43,62,26.5,106,4,-6,2,-6,0,22,40,8,0
2014,Kevin Chappell,13,65,74,67,68,274,-10,191000,1,17,13,13,45,4,298.9,12,55,1,29.5,118,55,0,-6,-4,0,15,53,3,0
2014,Lee Westwood,15,65,72,69,69,275,-9,127889,1,9,13,15,37,38,294,26,50,14,26.8,107,5,-3,0,-6,1,19,42,8,0
2014,Adam Scott,15,71,69,66,69,275,-9,127889,54,26,13,15,28,72,304.3,4,50,14,28.5,114,35,-3,0,-6,0,16,49,7,0
2014,Marc Warren,15,71,71,66,67,275,-9,127889,54,53,23,15,37,38,289.6,38,52,9,28.8,115,39,2,-2,-9,1,19,40,12,0
2014,Louis Oosthuizen,15,70,67,67,71,275,-9,127889,35,9,6,15,40,17,298,14,55,1,29.8,119,57,-3,-1,-5,0,20,41,11,0
2014,Charl Schwartzel,15,72,68,69,66,275,-9,127889,79,26,32,15,35,47,295.8,24,52,9,29.3,117,51,-3,2,-8,1,18,43,9,0
2014,Graham Delaet,15,69,68,68,70,275,-9,127889,20,9,10,15,34,55,299.3,11,52,9,29,116,46,-5,-1,-3,0,22,39,9,0
2014,Jason Day,15,69,65,69,72,275,-9,127889,20,2,4,15,35,47,296.6,21,55,1,30.3,121,66,-2,-1,-6,1,15,49,6,0
2014,Bernd Wiesberger,15,68,68,65,74,275,-9,127889,11,7,2,15,41,10,296.8,19,49,22,27.8,111,20,-2,-7,0,0,15,51,6,0
2014,Brooks Koepka,15,71,71,66,67,275,-9,127889,54,53,23,15,35,47,299.4,10,53,6,29.3,117,51,-2,-2,-5,1,18,42,11,0
2014,Justin Rose,24,70,72,67,67,276,-8,84000,35,53,32,24,42,7,297.5,18,49,22,29,116,46,-1,0,-7,0,20,41,10,0
2014,Jamie Donaldson,24,69,70,66,71,276,-8,84000,20,17,10,24,35,47,298.5,13,47,32,28,112,26,-1,1,-8,0,17,47,7,0
2014,Joost Luiten,26,68,69,69,71,277,-7,78000,11,9,13,26,38,31,281.6,56,49,22,28.3,113,31,1,1,-9,0,19,42,10,0
2014,Kenny Perry,27,72,69,69,68,278,-6,71000,79,38,38,27,39,24,281.1,57,53,6,30,120,60,-2,2,-6,1,14,47,10,0
2014,Jerry Kelly,27,67,74,70,67,278,-6,71000,9,38,42,27,40,17,277.5,66,45,47,27.5,110,16,2,-4,-4,0,17,44,11,0
2014,Bill Haas,27,71,68,68,71,278,-6,71000,54,17,19,27,35,47,292.1,30,44,54,27,108,9,3,-2,-7,0,17,45,9,0
2014,Danny Willett,30,68,73,66,72,279,-5,62000,11,38,19,30,31,66,290.9,33,38,69,25.3,101,1,0,-2,-3,1,12,51,7,0
2014,Thorbjorn Olesen,30,71,71,70,67,279,-5,62000,54,53,50,30,37,38,279.1,63,44,54,27,108,9,-3,3,-5,1,16,42,13,0
2014,Alexander Levy,30,69,71,68,71,279,-5,62000,20,26,23,30,35,47,297.6,16,46,42,28.5,114,35,-1,3,-7,0,17,44,10,0
2014,Daniel Summerhays,33,70,72,68,70,280,-4,54500,35,53,38,33,41,10,279.3,62,55,1,30.8,123,71,-2,3,-5,0,15,47,9,0
2014,Nick Watney,33,69,69,70,72,280,-4,54500,20,16,23,33,41,10,282.5,54,52,9,29.5,118,55,-1,2,-5,0,18,42,10,0
2014,Vijay Singh,35,71,68,73,69,281,-3,44920,54,17,50,35,40,17,285.4,51,44,54,29,116,46,0,5,-8,1,15,43,12,0
2014,Sergio Garcia,35,70,72,66,73,281,-3,44920,35,53,23,35,39,24,288.6,41,49,22,28.8,115,39,-2,4,-5,0,14,47,11,0
2014,Richard Sterne,35,70,69,72,70,281,-3,44920,35,17,42,35,44,5,289.8,37,50,14,30,120,60,1,2,-6,1,12,49,9,0
2014,Jonas Blixt,35,71,70,68,72,281,-3,44920,54,38,32,35,32,62,279,64,36,73,25.5,102,2,-1,2,-4,2,16,40,11,0
2014,Hideki Matsuyama,35,71,72,70,68,281,-3,44920,54,69,56,35,29,71,294.6,25,43,62,27.3,109,13,3,1,-7,1,17,39,14,0
2014,Brendon De Jonge,40,70,70,72,70,282,-2,33500,35,26,50,40,48,1,284.9,52,50,14,30,120,60,-1,4,-5,0,14,47,10,0
2014,Luke Donald,40,70,72,68,72,282,-2,33500,35,53,38,40,34,55,281.9,55,44,54,27.8,111,20,-1,1,-2,0,17,41,13,0
2014,Jason Bohn,40,71,71,71,69,282,-2,33500,54,53,56,40,44,5,276.9,68,53,6,30.8,123,71,0,1,-3,0,10,54,8,0
2014,Ryan Moore,40,73,68,67,74,282,-2,33500,93,38,23,40,42,7,277.6,65,47,32,28,112,26,-2,4,-4,0,16,43,12,0
2014,Koumei Oda,40,74,68,71,69,282,-2,33500,109,53,56,40,31,66,286.9,48,47,32,28.5,114,35,0,2,-4,0,15,46,9,0
2014,Brian Harman,40,71,69,69,73,282,-2,33500,54,26,32,40,41,10,291.3,32,46,42,29,116,46,0,1,-3,0,12,51,8,0
2013,Jason Dufner,1,68,63,71,68,270,-10,1445000,11,1,2,1,34,18,283.5,25,54,3,28.5,114,14,-2,-4,-4,1,16,48,6,0
2013,Jim Furyk,2,65,68,68,71,272,-8,865000,1,2,1,2,34,18,283.4,27,52,6,28.8,115,17,1,-7,-2,0,16,48,8,0
2013,Henrik Stenson,3,68,66,69,70,273,-7,545000,11,5,3,3,35,15,284.8,24,48,21,28.8,115,17,0,-2,-5,1,14,48,9,0
2013,Jonas Blixt,4,68,70,66,70,274,-6,385000,11,15,4,4,25,70,298.7,3,45,43,27.3,109,3,3,-7,-2,0,16,46,10,0
2013,Adam Scott,5,65,68,72,70,275,-5,304000,1,2,5,5,30,43,279.1,39,46,38,28.3,113,11,0,-3,-2,0,18,42,11,0
2013,Scott Piercy,5,67,71,72,65,275,-5,304000,5,15,21,5,25,70,283,28,52,6,29,116,25,-4,0,-1,0,19,39,14,0
2013,David Toms,7,71,69,69,67,276,-4,259000,50,28,12,7,34,18,277.7,46,49,16,28.8,115,17,-1,1,-4,0,17,43,11,0
2013,Zach Johnson,8,69,70,70,68,277,-3,206250,22,22,12,8,41,2,288.4,14,50,13,29.8,119,45,-2,1,-2,0,13,49,10,0
2013,Jason Day,8,67,71,72,67,277,-3,206250,5,15,21,8,26,68,282.4,29,48,21,28.3,113,11,-3,1,-1,0,15,46,10,0
2013,Rory McIlroy,8,69,71,67,70,277,-3,206250,22,28,7,8,28,57,287.3,17,48,21,28,112,8,-1,2,-4,0,18,42,10,0
2013,Dustin Johnson,8,72,71,65,69,277,-3,206250,74,60,9,8,36,13,283.5,25,51,8,29.3,117,33,1,-1,-3,0,16,45,9,0
2013,Steve Stricker,12,68,67,70,73,278,-2,132786,11,7,5,12,37,10,272.9,55,50,13,29.8,119,45,4,-5,-1,0,13,49,9,0
2013,Graeme McDowell,12,70,69,73,66,278,-2,132786,36,22,34,12,39,6,279,40,49,16,28.8,115,17,2,-1,-3,0,13,48,11,0
2013,Marc Warren,12,74,67,68,69,278,-2,132786,108,38,12,12,33,23,275.3,50,51,8,29.5,118,41,2,0,-4,0,15,45,11,0
2013,Boo Weekley,12,72,69,70,67,278,-2,132786,74,38,28,12,33,23,288.8,12,53,4,30.3,121,54,0,0,-2,0,14,48,8,0
2013,Marc Leishman,12,70,70,70,68,278,-2,132786,36,28,21,12,31,40,275.1,51,56,2,31,124,66,2,-3,-1,0,11,52,9,0
2013,Kevin Streelman,12,70,72,66,70,278,-2,132786,36,50,9,12,35,15,287.1,18,45,43,27.3,109,3,1,-3,0,1,12,49,8,0
2013,Roberto Castro,12,68,69,71,70,278,-2,132786,11,13,9,12,32,31,275.6,49,47,29,29,116,25,-1,3,-4,0,14,46,12,0
2013,Rickie Fowler,19,70,68,72,69,279,-1,93167,36,15,21,19,33,23,293.7,6,53,4,30,120,52,2,-2,-1,0,13,49,8,0
2013,Hideki Matsuyama,19,72,68,73,66,279,-1,93167,74,28,38,19,37,10,271.9,57,46,38,28.8,115,17,1,0,-2,0,16,42,13,0
2013,Keegan Bradley,19,69,72,72,66,279,-1,93167,22,38,38,19,28,57,280.1,33,47,29,28.8,115,17,-1,2,-2,0,14,46,11,0
2013,David Lynn,22,69,69,71,71,280,0,75000,22,15,12,22,38,8,278.3,45,43,59,28.8,115,17,8,-6,-2,0,12,49,10,0
2013,Matt Kuchar,22,67,66,76,71,280,0,75000,5,2,12,22,32,31,290.4,9,48,21,29.3,117,33,2,-1,-1,0,11,53,6,0
2013,Michael Thompson,22,72,67,72,69,280,0,75000,74,22,28,22,31,40,253.4,72,45,43,28,112,8,-4,7,-3,0,16,42,12,0
2013,Robert Garrigus,25,67,68,74,72,281,1,58750,5,7,12,25,30,43,268.3,61,45,43,29,116,25,0,3,-2,0,18,36,17,0
2013,Bill Haas,25,68,70,71,72,281,1,58750,11,15,12,25,30,43,286.4,21,49,16,30.5,122,57,3,0,-2,0,10,51,11,0
2013,Webb Simpson,25,72,64,73,72,281,1,58750,74,9,12,25,29,50,286.6,19,46,38,28.5,114,14,1,3,-3,0,19,36,15,0
2013,Kiradech Aphibarnrat,25,68,71,71,71,281,1,58750,11,22,21,25,29,50,289.9,10,49,16,30.8,123,62,6,-1,-4,0,15,42,14,0
2013,Miguel A. Jimenez,29,68,72,75,67,282,2,48500,11,28,52,29,40,5,260.9,67,44,51,28,112,8,1,3,-2,0,20,35,12,0
2013,Rafael Cabrera-Bello,29,68,75,69,70,282,2,48500,11,60,34,29,32,31,292,7,45,43,29,116,25,5,-3,0,0,10,50,12,0
2013,Ryo Ishikawa,29,69,71,70,72,282,2,48500,22,28,21,29,24,74,279.7,36,44,51,29.5,118,41,-1,3,0,0,13,44,15,0
2013,Scott Jamieson,29,69,72,70,71,282,2,48500,22,38,28,29,36,13,278.6,43,45,43,29.3,117,33,1,0,1,0,14,42,16,0
2013,Lee Westwood,33,66,73,68,76,283,3,38571,3,22,7,33,31,40,286.6,19,51,8,30.8,123,62,4,0,-1,0,13,45,12,0
2013,Justin Rose,33,68,66,77,72,283,3,38571,11,5,28,33,29,50,294.6,5,44,51,27.8,111,6,0,4,-1,0,16,40,13,0
2013,Peter Hanson,33,72,69,74,68,283,3,38571,74,38,52,33,34,18,279.4,37,50,13,30.5,122,57,1,4,-2,0,12,48,10,0
2013,Brendon De Jonge,33,71,71,71,70,283,3,38571,50,50,38,33,35,15,264.3,64,48,21,29.5,118,41,1,3,-1,0,11,48,12,0
2013,Francesco Molinari,33,72,68,70,73,283,3,38571,74,28,21,33,41,2,276.4,48,57,1,32,128,72,4,1,-2,0,9,54,7,0
2013,Paul Casey,33,67,72,74,70,283,3,38571,5,22,38,33,27,66,284.9,23,47,29,29.5,118,41,2,4,-3,0,14,44,11,0
2013,Martin Kaymer,33,68,68,78,69,283,3,38571,11,9,48,33,30,43,280,34,44,51,27.8,111,6,1,7,-5,2,14,40,13,0
2013,Tiger Woods,40,71,70,73,70,284,4,28000,50,38,48,40,25,70,265.9,63,45,43,30.3,121,54,-3,7,0,0,10,50,10,0
2013,Charley Hoffman,40,69,67,73,75,284,4,28000,22,9,12,40,32,31,299.9,2,48,21,30.5,122,57,1,7,-4,0,15,40,15,0
2013,J.J. Henry,40,71,71,73,69,284,4,28000,50,50,52,40,32,31,266.9,62,43,59,29.3,117,33,0,7,-3,0,12,45,14,0
2013,D.A. Points,40,73,70,72,69,284,4,28000,91,60,52,40,42,1,263.1,65,48,21,29.8,119,45,2,4,-2,0,17,35,19,0
2013,Matt Jones,40,72,71,73,68,284,4,28000,74,60,63,40,29,50,285.6,22,47,29,31.3,125,69,2,4,-2,0,14,41,16,0
2013,Danny Willett,40,73,70,72,69,284,4,28000,91,60,52,40,28,57,272.8,56,47,29,31,124,66,3,2,-1,1,12,43,14,0
2012,Rory McIlroy,1,67,75,67,66,275,-13,1445000,2,5,1,1,37,42,311.5,1,48,13,27.3,109,8,-3,-2,-8,0,20,45,7,0
2012,David Lynn,2,73,74,68,68,283,-5,865000,66,37,10,2,35,54,275.2,55,49,8,28.8,115,31,-3,7,-9,0,13,52,6,0
2012,Justin Rose,3,69,79,70,66,284,-4,384500,14,47,25,3,42,12,288.3,31,53,1,30,120,59,3,-1,-6,0,18,40,14,0
2012,Ian Poulter,3,70,71,74,69,284,-4,384500,25,4,10,3,36,49,276.3,51,46,19,28.5,114,26,2,1,-7,0,16,44,12,0
2012,Carl Pettersson,3,66,74,72,72,284,-4,384500,1,1,2,3,39,25,291.6,24,40,56,26.8,107,4,0,2,-6,0,16,45,10,0
2012,Keegan Bradley,3,68,77,71,68,284,-4,384500,6,16,16,3,38,36,295.8,13,47,16,29,116,36,3,0,-7,1,16,41,14,0
2012,Steve Stricker,7,74,73,67,71,285,-3,226000,88,37,6,7,35,54,279.5,44,44,27,27.8,111,12,1,0,-4,0,14,48,9,0
2012,Peter Hanson,7,69,75,70,71,285,-3,226000,14,11,6,7,41,15,292.5,21,47,16,29.5,118,47,5,-3,-5,0,16,43,13,0
2012,Jamie Donaldson,7,69,73,73,70,285,-3,226000,14,5,10,7,39,25,294.8,17,44,27,27,108,5,1,0,-4,0,18,40,13,0
2012,Blake Adams,7,71,72,75,67,285,-3,226000,32,7,25,7,39,25,277.5,48,51,3,29.3,117,42,5,-1,-7,0,15,46,10,0
2012,Tiger Woods,11,69,71,74,72,286,-2,143286,14,1,6,11,37,42,303.6,7,40,56,27,108,5,4,-3,-3,0,14,46,12,0
2012,Geoff Ogilvy,11,68,78,70,70,286,-2,143286,6,24,16,11,37,42,290.7,25,46,19,29.3,117,42,3,2,-7,1,11,49,11,0
2012,Ben Curtis,11,69,77,73,67,286,-2,143286,14,24,32,11,48,1,258.3,70,49,8,29.3,117,42,1,0,-3,0,11,54,6,0
2012,Tim Clark,11,71,73,73,69,286,-2,143286,32,11,20,11,44,5,267.3,68,46,19,28.5,114,26,1,-1,-2,0,14,48,8,0
2012,Adam Scott,11,68,75,70,73,286,-2,143286,6,7,3,11,37,42,303.5,8,41,50,26.5,106,2,-1,4,-5,0,15,45,11,0
2012,Graeme McDowell,11,68,76,71,71,286,-2,143286,6,11,10,11,39,25,281.1,42,50,4,29,116,36,1,0,-3,0,18,40,12,0
2012,Bubba Watson,11,73,75,70,68,286,-2,143286,66,47,25,11,38,36,306.4,6,49,8,29.8,119,54,4,-2,-4,0,13,48,11,0
2012,John Daly,18,68,77,73,69,287,-1,99667,6,16,25,18,33,62,306.8,5,42,41,29,116,36,3,2,-6,1,13,45,12,0
2012,Padraig Harrington,18,70,76,69,72,287,-1,99667,25,24,10,18,36,49,295.3,14,44,27,27.8,111,12,0,5,-6,1,13,46,10,0
2012,Bo Van Pelt,18,73,73,67,74,287,-1,99667,66,24,3,18,40,18,288.4,30,52,2,29.8,119,54,-4,8,-5,0,17,42,11,0
2012,Robert Garrigus,21,74,73,74,67,288,0,72667,88,37,46,21,35,54,310.9,3,49,8,30,120,59,-1,11,-10,0,15,44,11,0
2012,Pat Perez,21,69,76,71,72,288,0,72667,14,16,16,21,37,42,276,52,43,35,28.3,113,19,2,-4,2,0,12,50,8,0
2012,Jimmy Walker,21,73,75,67,73,288,0,72667,66,47,10,21,29,70,290,27,39,63,27.3,109,8,2,7,-9,0,18,38,14,0
2012,Louis Oosthuizen,21,70,79,70,69,288,0,72667,25,56,32,21,38,36,300.2,9,49,8,30,120,59,1,-2,1,0,18,39,12,0
2012,Joost Luiten,21,68,76,75,69,288,0,72667,6,11,32,21,39,25,284.4,38,50,4,29.5,118,47,2,2,-4,1,17,37,15,0
2012,Seung-Yul Noh,21,74,75,74,65,288,0,72667,88,56,58,21,38,36,296.4,12,50,4,30.8,123,70,3,4,-7,1,11,47,13,0
2012,Miguel A. Jimenez,27,69,77,72,71,289,1,51900,14,24,25,27,45,4,268.5,66,50,4,29.8,119,54,2,1,-2,1,17,40,10,0
2012,Trevor Immelman,27,71,72,70,76,289,1,51900,32,7,3,27,39,25,279,45,41,50,27.3,109,8,-3,9,-5,0,17,39,14,0
2012,Jason Dufner,27,74,76,68,71,289,1,51900,88,66,25,27,42,12,281.7,41,44,27,28.5,114,26,3,2,-4,0,12,48,11,0
2012,Marc Leishman,27,74,72,71,72,289,1,51900,88,24,20,27,40,18,292.4,22,38,65,27.8,111,12,1,3,-3,0,14,45,11,0
2012,Thorbjorn Olesen,27,75,74,71,69,289,1,51900,106,56,41,27,36,49,290.5,26,42,41,28.3,113,19,3,2,-4,1,12,44,15,0
2012,Greg Chalmers,32,70,76,72,72,290,2,42625,25,24,25,32,43,8,270.6,63,35,70,26,104,1,3,3,-4,0,15,41,15,0
2012,John Senden,32,73,74,72,71,290,2,42625,66,37,32,32,43,8,285.4,34,48,13,30.5,122,67,2,10,-10,2,12,42,14,0
2012,Luke Donald,32,74,76,74,66,290,2,42625,88,66,64,32,43,8,273.8,56,42,41,28,112,17,7,-1,-4,0,17,39,13,0
2012,Bill Haas,32,75,73,69,73,290,2,42625,106,47,20,32,37,42,285.2,35,44,27,30,120,59,4,3,-5,0,11,48,13,0
2012,Phil Mickelson,36,73,71,73,74,291,3,34750,66,11,20,36,32,66,298.9,10,42,41,28.3,113,19,1,5,-3,0,12,46,13,0
2012,Vijay Singh,36,71,69,74,77,291,3,34750,32,1,6,36,34,59,288.5,29,44,27,28.8,115,31,7,3,-7,0,15,42,12,0
2012,Freddie Jacobson,36,71,75,73,72,291,3,34750,32,24,32,36,33,62,278.8,46,40,56,28.5,114,26,4,4,-5,0,12,46,13,0
2012,Marcel Siem,36,72,73,71,75,291,3,34750,45,16,16,36,29,70,294.6,18,48,13,30.5,122,67,2,1,0,0,11,50,9,0
2012,Rich Beem,36,72,76,72,71,291,3,34750,45,47,41,36,41,15,272.9,59,41,50,28,112,17,2,5,-4,0,14,44,11,0
2012,Y.E. Yang,36,73,74,74,70,291,3,34750,66,37,46,36,40,18,273.3,57,42,41,28.5,114,26,1,6,-4,0,11,48,12,0
2012,David Toms,42,72,78,72,70,292,4,25750,45,66,55,42,44,5,258.1,71,43,35,29,116,36,3,3,-2,0,12,47,10,0
2012,Jim Furyk,42,72,77,70,73,292,4,25750,45,56,32,42,42,12,270.5,64,46,19,30.3,121,64,2,4,-2,0,13,43,15,0
2012,Aaron Baddeley,42,68,75,74,75,292,4,25750,6,7,20,42,39,25,292.9,19,36,69,26.5,106,2,2,8,-6,0,15,41,14,0
2012,J.J. Henry,42,72,77,70,73,292,4,25750,45,56,32,42,43,8,280.1,43,43,35,29.5,118,47,4,2,-2,0,10,48,14,0
2011,Keegan Bradley,1,71,64,69,68,272,-8,1445000,36,1,3,1,35,20,301.8,21,56,2,29.3,117,16,3,-4,-7,1,19,43,6,0
2011,Jason Dufner,2,70,65,68,69,272,-8,865000,23,1,1,1,37,9,285.1,65,57,1,30.3,121,41,-1,-3,-4,1,17,44,9,0
2011,Anders Hansen,3,68,69,70,66,273,-7,545000,5,7,6,3,38,6,293.3,38,55,3,30.5,122,48,-1,-3,-3,0,15,49,8,0
2011,David Toms,4,72,71,65,67,275,-5,331000,59,53,8,4,38,6,273.3,75,46,46,28,112,3,-1,0,-4,1,16,42,13,0
2011,Scott Verplank,4,67,69,69,70,275,-5,331000,4,3,4,4,37,9,286,62,49,18,28.3,113,4,4,-4,-5,1,15,46,8,0
2011,Robert Karlsson,4,70,71,67,67,275,-5,331000,23,26,8,4,33,30,311.9,8,54,4,30.3,121,41,0,1,-6,1,16,42,13,0
2011,Adam Scott,7,69,69,70,68,276,-4,259000,13,11,8,7,30,40,305,16,45,53,28.3,113,4,0,1,-5,0,14,49,8,0
2011,Lee Westwood,8,71,68,70,68,277,-3,224500,36,14,13,8,35,20,299.8,25,51,9,29.8,119,29,-1,3,-5,0,13,50,8,0
2011,Luke Donald,8,70,71,68,68,277,-3,224500,23,26,13,8,28,59,286.4,60,52,8,29.5,118,19,2,-1,-4,0,16,46,7,0
2011,D.A. Points,10,69,67,71,71,278,-2,188000,13,3,6,10,41,3,297.6,29,54,4,30.8,123,51,-2,1,-1,0,14,48,8,0
2011,Kevin Na,10,72,69,70,67,278,-2,188000,59,26,30,10,30,40,291.1,48,47,39,29.5,118,19,1,-1,-2,0,13,48,11,0
2011,Steve Stricker,12,63,74,69,73,279,-1,132786,1,7,5,12,36,14,287.3,54,45,53,29,116,12,3,3,-7,0,14,46,11,0
2011,Sergio Garcia,12,72,69,69,69,279,-1,132786,59,26,20,12,30,40,297.3,31,47,39,28.8,115,7,-1,1,-1,0,12,51,7,0
2011,Trevor Immelman,12,69,71,71,68,279,-1,132786,13,17,30,12,33,30,289.5,51,47,39,29.3,117,16,2,3,-6,0,16,42,13,0
2011,Bill Haas,12,68,73,69,69,279,-1,132786,5,26,20,12,25,69,296.5,33,48,26,30,120,35,3,0,-4,0,13,47,12,0
2011,Charl Schwartzel,12,71,71,66,71,279,-1,132786,36,39,8,12,30,40,308.1,11,49,18,29.8,119,29,1,2,-4,0,14,48,7,0
2011,Nick Watney,12,70,71,68,70,279,-1,132786,23,26,13,12,24,71,307.4,15,46,46,28.5,114,6,0,5,-6,0,15,48,5,0
2011,Gary Woodland,12,70,70,71,68,279,-1,132786,23,17,30,12,29,49,320,1,48,26,29.5,118,19,1,2,-4,0,16,43,12,0
2011,Phil Mickelson,19,71,70,69,70,280,0,81214,36,26,20,19,27,62,304.8,17,49,18,30.8,123,51,0,5,-5,0,10,53,8,0
2011,John Senden,19,68,68,72,72,280,0,81214,5,3,8,19,35,20,295.9,34,54,4,31.8,127,71,2,4,-6,0,13,46,13,0
2011,Brian Davis,19,69,73,69,69,280,0,81214,13,39,30,19,37,9,281.8,74,50,14,30.8,123,51,2,1,-3,1,9,51,11,0
2011,Matt Kuchar,19,71,71,68,70,280,0,81214,36,39,20,19,34,27,286.9,56,45,53,29.3,117,16,0,0,0,0,10,54,6,0
2011,Ryan Palmer,19,71,70,69,70,280,0,81214,36,26,20,19,22,74,299.1,26,39,75,27,108,1,5,2,-7,0,18,38,14,0
2011,Hunter Mahan,19,72,72,66,70,280,0,81214,59,62,20,19,29,49,297.8,27,43,65,28.8,115,7,0,5,-5,1,14,43,12,0
2011,Brendan Steele,19,69,68,66,77,280,0,81214,13,7,1,19,37,9,307.8,12,42,68,27.5,110,2,6,-2,-4,1,13,46,9,0
2011,Jerry Kelly,26,65,73,74,69,281,1,51063,2,11,37,26,42,1,282,73,47,39,29.5,118,19,3,3,-5,0,12,48,11,0
2011,Robert Allenby,26,72,70,71,68,281,1,51063,59,39,43,26,30,40,290.6,49,47,39,30.3,121,41,2,3,-4,0,16,41,13,0
2011,Mark Wilson,26,69,71,71,70,281,1,51063,13,17,30,26,42,1,282.6,69,48,26,30.5,122,48,4,2,-5,0,11,49,12,0
2011,Charles Howell III,26,72,68,73,68,281,1,51063,59,17,43,26,32,34,293,41,50,14,30.8,123,51,2,3,-4,0,13,45,14,0
2011,Brendon de Jonge,26,68,72,69,72,281,1,51063,5,17,13,26,31,36,282.8,68,50,14,31.3,125,63,0,6,-5,1,9,50,12,0
2011,Bubba Watson,26,74,68,70,69,281,1,51063,93,39,37,26,26,68,317.6,3,46,46,29.5,118,19,3,1,-3,0,15,42,14,0
2011,Scott Piercy,26,71,68,71,71,281,1,51063,36,14,20,26,31,36,309.6,10,45,53,29.8,119,29,0,4,-3,0,16,40,15,0
2011,Spencer Levin,26,71,70,68,72,281,1,51063,36,26,13,26,35,20,293.3,38,49,18,30,120,35,2,4,-5,0,11,50,10,0
2011,Francesco Molinari,34,72,71,67,72,282,2,40000,59,53,20,34,40,4,286.8,58,48,26,30,120,35,-1,7,-4,0,11,48,13,0
2011,Alex Noren,34,70,72,68,72,282,2,40000,23,39,20,34,34,27,297,32,53,7,31.5,126,68,2,8,-8,1,10,50,9,0
2011,Chris Kirk,34,72,72,69,69,282,2,40000,59,62,43,34,36,14,300.1,23,46,46,29.5,118,19,6,0,-4,0,13,45,13,0
2011,Ben Crane,37,71,72,66,74,283,3,36250,36,53,13,37,29,49,286.9,56,48,26,29.5,118,19,3,0,0,0,17,37,16,0
2011,Matteo Manassero,37,68,74,71,70,283,3,36250,5,39,43,37,36,14,286.6,59,51,9,30.8,123,51,1,5,-3,0,11,49,11,0
2011,Jim Furyk,39,71,65,73,75,284,4,30250,36,3,13,39,29,49,293.5,37,45,53,29,116,12,1,7,-4,0,13,45,11,0
2011,Harrison Frazar,39,72,69,72,71,284,4,30250,59,26,43,39,28,59,301.9,20,49,18,30.3,121,41,1,5,-2,0,12,44,16,0
2011,Bill Lunde,39,71,71,69,73,284,4,30250,36,39,30,39,30,40,294.4,35,48,26,29.8,119,29,1,4,-1,1,10,46,14,0
2011,Ian Poulter,39,74,68,70,72,284,4,30250,93,39,37,39,29,49,287.1,55,48,26,31,124,58,0,8,-4,0,14,41,16,0
2011,K.J. Choi,39,70,73,69,72,284,4,30250,23,53,37,39,36,14,282.6,69,49,18,31,124,58,4,0,0,1,9,48,13,0
2011,Johan Edfors,39,71,70,73,70,284,4,30250,36,26,50,39,30,40,293.1,40,47,39,30,120,35,5,3,-4,0,12,46,12,0
2011,Brandt Jobe,45,68,69,73,75,285,5,21500,5,7,20,45,38,6,310.9,9,48,26,31,124,58,4,3,-2,1,5,55,10,0
2010,Martin Kaymer,1,72,68,67,70,277,-11,1350000,44,15,4,1,35,49,285.9,32,52,6,28.5,114,24,-4,-1,-6,1,15,50,6,0
2010,Bubba Watson,2,68,71,70,68,277,-11,810000,2,5,11,1,28,67,327.3,1,50,16,28.5,114,24,2,-4,-9,1,18,44,9,0
2010,Zach Johnson,3,69,70,69,70,278,-10,435000,6,5,7,3,46,2,279.4,55,49,24,27.5,110,7,-2,-4,-4,0,17,48,7,0
2010,Rory McIlroy,3,71,68,67,72,278,-10,435000,22,5,2,3,36,37,305.3,6,48,30,27,108,4,-2,-4,-4,0,20,44,6,0
2010,Steve Elkington,5,71,70,67,71,279,-9,270833,22,21,7,5,41,15,295.9,15,51,9,28.5,114,24,-2,-1,-6,0,15,51,6,0
2010,Jason Dufner,5,73,66,69,71,279,-9,270833,62,5,7,5,45,4,280.6,54,51,9,28.3,113,17,-1,-2,-6,0,18,45,9,0
2010,Dustin Johnson,5,71,68,67,73,279,-9,270833,22,5,2,5,27,68,310.3,3,50,16,28.5,114,24,2,0,-11,1,16,48,6,0
2010,Liang Wen-Chong,8,72,71,64,73,280,-8,210000,44,40,4,8,36,37,286.1,31,51,9,27.8,111,11,-2,3,-9,0,19,43,9,0
2010,Camilo Villegas,8,71,71,70,68,280,-8,210000,22,27,19,8,37,34,282.3,50,49,24,28,112,15,-1,0,-7,1,20,39,10,0
2010,Matt Kuchar,10,67,69,73,72,281,-7,175800,1,1,11,10,46,2,289.1,26,51,9,29,116,36,-1,0,-6,1,11,54,6,0
2010,Jason Day,10,69,72,66,74,281,-7,175800,6,21,4,10,36,37,303,8,51,9,28.8,115,31,0,-1,-6,0,18,44,9,0
2010,Phil Mickelson,12,73,69,73,67,282,-6,138050,62,27,48,12,32,61,296.9,12,43,61,26.8,107,1,-2,2,-6,1,17,42,11,0
2010,Bryce Molder,12,72,67,70,73,282,-6,138050,44,5,11,12,36,37,283.5,44,48,30,27.5,110,7,0,-3,-3,0,17,46,7,0
2010,Simon Dyson,12,71,71,68,72,282,-6,138050,22,27,14,12,41,15,274.5,62,53,4,29.8,119,51,0,-1,-5,0,15,48,9,0
2010,Paul Casey,12,72,71,70,69,282,-6,138050,44,40,31,12,33,56,292.1,22,48,30,28.3,113,17,2,-2,-6,0,19,40,13,0
2010,Robert Karlsson,16,71,71,71,70,283,-5,110050,22,27,31,16,34,52,285.1,37,46,47,27.5,110,7,0,-1,-4,0,13,51,8,0
2010,D.A. Points,16,70,72,70,71,283,-5,110050,12,27,19,16,38,30,288.4,29,48,30,27.8,111,11,-1,2,-6,0,18,44,7,0
2010,Ernie Els,18,68,74,69,73,284,-4,84733,2,27,16,18,40,20,286.6,30,55,1,30,120,57,0,3,-7,0,15,47,9,0
2010,Steve Stricker,18,72,72,68,72,284,-4,84733,44,49,19,18,40,20,285.5,35,54,2,29.5,118,49,0,1,-5,0,15,49,6,0
2010,Stewart Cink,18,77,68,66,73,284,-4,84733,132,59,16,18,36,37,284.9,38,51,9,29,116,36,1,4,-9,1,16,42,12,0
2010,Stephen Gallacher,18,71,69,72,72,284,-4,84733,22,15,19,18,31,64,303.9,7,40,69,26.8,107,1,0,2,-6,0,13,51,7,0
2010,Charl Schwartzel,18,73,69,72,70,284,-4,84733,62,27,41,18,33,56,283,47,45,54,28.3,113,17,4,-1,-7,1,17,41,11,0
2010,Nick Watney,18,69,68,66,81,284,-4,84733,6,2,1,18,29,66,296.1,14,47,40,27.8,111,11,0,4,-8,1,20,37,11,0
2010,Jim Furyk,24,70,68,70,77,285,-3,58600,12,3,7,24,40,20,268.4,70,54,2,29.8,119,51,-3,-4,4,0,19,38,14,0
2010,Simon Khan,24,69,70,71,75,285,-3,58600,6,5,14,24,39,25,278.1,57,50,16,30,120,57,-3,1,-1,1,14,44,13,0
2010,Carl Pettersson,24,71,70,71,73,285,-3,58600,22,21,19,24,38,30,282.5,48,45,54,28.3,113,17,2,0,-5,0,12,52,7,0
2010,J.B. Holmes,24,72,66,77,70,285,-3,58600,44,3,48,24,24,70,313.5,2,42,64,27,108,4,2,-1,-4,0,18,40,13,0
2010,Tiger Woods,28,71,70,72,73,286,-2,46700,22,21,31,28,21,71,293.3,19,42,64,27.5,110,7,0,-2,0,0,15,45,11,0
2010,Bo Van Pelt,28,73,67,72,74,286,-2,46700,62,15,19,28,35,49,292.5,21,48,30,28.3,113,17,2,2,-6,0,16,44,10,0
2010,Troy Matteson,28,72,72,70,72,286,-2,46700,44,49,41,28,37,34,284,42,49,24,29.3,117,44,1,0,-3,0,14,47,10,0
2010,Seung-yul Noh,28,68,71,72,75,286,-2,46700,2,5,16,28,33,56,295.8,16,47,40,28.8,115,31,1,2,-5,0,15,45,11,0
2010,David Horsey,28,72,71,69,74,286,-2,46700,44,40,19,28,39,25,281.3,51,47,40,28.3,113,17,0,-5,3,0,13,48,11,0
2010,David Toms,33,74,71,67,75,287,-1,37133,83,59,19,33,43,6,276.5,60,49,24,29.3,117,44,-4,5,-2,0,16,43,11,0
2010,Heath Slocum,33,73,72,68,74,287,-1,37133,62,59,31,33,43,6,283.3,46,46,47,29,116,36,-2,3,-2,0,15,44,12,0
2010,Ryan Palmer,33,71,68,75,73,287,-1,37133,22,5,41,33,34,52,300.1,10,51,9,29.8,119,51,3,1,-5,0,13,47,12,0
2010,Edoardo Molinari,33,71,72,70,74,287,-1,37133,22,40,31,33,43,6,282.4,49,47,40,28.8,115,31,-2,3,-2,0,15,45,10,0
2010,Gonzalo Fernandez-Castano,33,70,73,73,71,287,-1,37133,12,40,53,33,38,30,294.4,17,50,16,29,116,36,6,-4,-3,0,16,43,11,0
2010,Francesco Molinari,33,68,73,71,75,287,-1,37133,2,21,19,33,43,6,281.3,51,53,4,30.3,121,61,3,-1,-3,0,16,43,11,0
2010,Vijay Singh,39,73,66,73,76,288,0,25933,62,5,19,39,39,25,284.9,38,45,54,29.3,117,44,1,3,-4,1,15,41,13,0
2010,Justin Leonard,39,73,69,73,73,288,0,25933,62,27,48,39,40,20,272.4,66,50,16,30.3,121,61,0,3,-3,0,13,46,13,0
2010,Brian Davis,39,71,72,69,76,288,0,25933,22,40,19,39,42,11,285.9,32,42,64,28.3,113,17,1,3,-4,0,10,52,10,0
2010,Tim Clark,39,72,71,70,75,288,0,25933,44,40,31,39,44,5,271,67,47,40,29.8,119,51,3,1,-4,1,8,55,6,0
2010,Ben Crane,39,73,68,73,74,288,0,25933,62,21,41,39,49,1,279.4,55,50,16,29.3,117,44,3,2,-5,0,16,41,14,0
2010,K.J. Choi,39,74,69,71,74,288,0,25933,83,40,41,39,36,37,283.5,44,50,16,29.5,118,49,0,4,-4,0,13,49,7,0
2010,Adam Scott,39,72,73,71,72,288,0,25933,44,59,53,39,36,37,305.8,5,52,6,29.8,119,51,-3,6,-3,0,14,45,12,0