,Year,Player,Place,r1,r2,r3,r4,Tot,TP,Money,1,2,3,4,Hit,Rank,Yards,Rank.1,Hit.1,Rank.2,Avg,Tot.1,Rank.3,p3s,p4s,p5s,Egls,Brds,Pars,Bgys,Otrs
0,2019,Tiger Woods,1,70,68,67,70,275,-13,2070000,11,6,2,1,35,47,294.6,44,58,1,30.0,120,44,-4,-1,-8,0,22,41,9,0
1,2019,Dustin Johnson,2,68,70,70,68,276,-12,858667,4,6,7,2,34,54,308.0,11,51,10,28.3,113,9,-1,1,-12,0,17,50,5,0
2,2019,Brooks Koepka,2,66,71,69,70,276,-12,858667,1,1,4,2,39,29,313.6,3,53,6,29.5,118,38,3,-2,-13,2,19,42,7,0
3,2019,Xander Schauffele,2,73,65,70,68,276,-12,858667,44,6,7,2,35,47,305.8,13,51,10,28.8,115,18,-1,1,-12,0,25,35,11,0
4,2019,Francesco Molinari,5,70,67,66,74,277,-11,403938,11,1,1,5,41,15,294.8,43,47,35,26.3,105,1,-1,-3,-7,0,17,51,2,0
5,2019,Jason Day,5,70,67,73,67,277,-11,403938,11,1,14,5,37,37,296.5,38,51,10,28.0,112,5,-2,0,-9,0,19,46,6,0
6,2019,Webb Simpson,5,72,71,64,70,277,-11,403938,29,29,5,5,47,2,283.1,64,49,21,28.0,112,5,1,-3,-9,2,14,49,7,0
7,2019,Tony Finau,5,71,70,64,72,277,-11,403938,21,16,2,5,38,36,316.3,1,48,26,28.0,112,5,1,1,-13,1,16,49,5,0
8,2019,Rickie Fowler,9,70,71,68,69,278,-10,310500,11,16,12,9,43,6,300.5,21,46,40,26.5,106,2,-2,3,-11,1,17,45,9,0
9,2019,Patrick Cantlay,9,73,73,64,68,278,-10,310500,44,50,14,9,36,44,299.9,24,44,54,26.5,106,2,-1,-1,-8,1,18,44,8,0
10,2019,Jon Rahm,9,69,70,71,68,278,-10,310500,6,10,14,9,43,6,308.4,10,51,10,30.5,122,51,0,-2,-8,2,12,52,6,0
11,2019,Matt Kuchar,12,71,69,68,72,280,-8,225400,21,12,7,12,41,15,294.1,45,53,6,29.0,116,24,1,2,-11,2,16,42,12,0
12,2019,Ian Poulter,12,68,71,68,73,280,-8,225400,4,10,5,12,39,29,296.8,36,55,2,30.8,123,54,-2,3,-9,0,17,47,7,0
13,2019,Bubba Watson,12,72,72,67,69,280,-8,225400,29,36,20,12,32,60,292.9,48,50,17,30.0,120,44,1,2,-11,2,12,50,8,0
14,2019,Justin Harding,12,69,69,70,72,280,-8,225400,6,6,7,12,42,13,298.4,31,45,45,27.0,108,4,-3,0,-5,0,21,38,13,0
15,2019,Justin Thomas,12,73,68,69,70,280,-8,225400,44,16,14,12,41,15,312.3,5,55,2,30.0,120,44,-2,1,-7,2,11,52,7,0
16,2019,Aaron Wise,17,75,71,68,67,281,-7,184000,63,50,31,17,37,37,305.8,13,49,21,28.8,115,18,-2,2,-7,0,19,42,10,0
17,2019,Phil Mickelson,18,67,73,70,72,282,-6,161000,3,12,14,18,29,64,299.4,27,48,26,28.5,114,15,-4,4,-6,0,17,45,9,0
18,2019,Adam Scott,18,69,68,72,73,282,-6,161000,6,1,12,18,40,21,310.3,9,54,4,30.0,120,44,3,1,-10,1,14,48,8,0
19,2019,Patton Kizzire,18,70,70,73,69,282,-6,161000,11,12,25,18,40,21,299.9,24,48,26,28.3,113,9,2,-3,-5,1,14,47,10,0
20,2019,Rory McIlroy,21,73,71,71,68,283,-5,107956,44,36,39,21,33,58,314.4,2,45,45,29.3,117,35,-1,7,-11,3,15,38,16,0
21,2019,Kevin Kisner,21,69,73,72,69,283,-5,107956,6,23,31,21,41,15,289.0,58,51,10,28.5,114,15,2,3,-10,0,17,45,8,0
22,2019,Kyle Stanley,21,72,72,70,69,283,-5,107956,29,36,31,21,39,29,286.6,63,48,26,29.0,116,24,2,2,-9,1,14,46,11,0
23,2019,Lucas Bjerregaard,21,70,72,69,72,283,-5,107956,11,23,20,21,43,6,310.6,8,49,21,30.3,121,49,3,4,-12,2,13,47,8,0
24,2019,Thorbjorn Olesen,21,71,71,68,73,283,-5,107956,21,23,14,21,40,21,300.4,22,52,8,30.5,122,51,0,4,-9,0,15,47,10,0
25,2019,Jordan Spieth,21,75,68,69,71,283,-5,107956,63,29,22,21,37,37,292.6,49,50,17,29.0,116,24,-1,0,-4,0,17,45,8,0
26,2019,Si Woo Kim,21,72,72,70,69,283,-5,107956,29,36,31,21,40,21,297.6,33,46,40,28.3,113,9,5,0,-10,0,19,41,10,0
27,2019,Matthew Fitzpatrick,21,78,67,68,70,283,-5,107956,80,46,25,21,34,54,294.0,46,44,54,28.3,113,9,-1,8,-12,1,17,41,12,0
28,2019,Charley Hoffman,29,71,71,72,70,284,-4,78200,21,23,31,29,36,44,295.5,41,48,26,29.3,117,35,-1,4,-7,0,18,40,14,0
29,2019,Louis Oosthuizen,29,71,66,71,76,284,-4,78200,21,1,7,29,40,21,293.4,47,48,26,29.0,116,24,-1,-2,-1,0,16,45,10,0
30,2019,Bryson DeChambeau,29,66,75,73,70,284,-4,78200,1,16,31,29,37,37,299.6,26,45,45,28.3,113,9,-3,7,-8,1,19,38,11,0
31,2019,Charles Howell III,32,73,67,76,69,285,-3,68042,44,12,43,32,39,29,294.9,42,51,10,31.0,124,58,0,5,-8,1,15,42,14,0
32,2019,Gary Woodland,32,70,71,74,70,285,-3,68042,11,16,39,32,31,62,313.6,3,45,45,30.0,120,44,1,4,-8,0,16,43,13,0
33,2019,Hideki Matsuyama,32,75,70,68,72,285,-3,68042,63,46,25,32,34,54,303.1,16,46,40,28.8,115,18,-2,6,-7,0,19,39,12,0
34,2019,Viktor Hovland,32,72,71,71,71,285,-3,0,29,29,31,32,42,13,297.8,32,54,4,30.8,123,54,4,2,-9,1,17,38,16,0
35,2019,Henrik Stenson,36,74,72,67,73,286,-2,55488,58,50,25,36,46,3,289.9,54,45,45,29.0,116,24,1,3,-6,0,17,43,10,0
36,2019,Jimmy Walker,36,72,72,72,70,286,-2,55488,29,36,43,36,35,47,292.5,50,42,59,28.0,112,5,3,-1,-4,0,14,46,12,0
37,2019,Rafael Cabrera-Bello,36,73,70,75,68,286,-2,55488,44,29,50,36,33,58,296.6,37,48,26,29.3,117,35,-2,6,-6,0,15,46,10,0
38,2019,Tommy Fleetwood,36,71,71,70,74,286,-2,55488,21,23,22,36,39,29,302.5,17,51,10,31.0,124,58,1,1,-4,0,13,48,11,0
39,2019,Kevin Tway,36,72,71,70,73,286,-2,55488,29,29,25,36,28,65,303.5,15,46,40,29.0,116,24,1,6,-9,0,17,41,13,0
40,2019,Patrick Reed,36,73,70,74,69,286,-2,55488,44,29,47,36,43,6,296.1,39,42,59,29.0,116,24,3,5,-10,1,14,43,14,0
41,2019,Alvaro Ortiz Becerra,36,73,71,73,69,286,-2,0,44,36,47,36,37,37,297.6,33,48,26,29.8,119,42,1,3,-6,1,14,43,14,0
42,2019,Keegan Bradley,43,76,68,71,72,287,-1,44850,73,36,39,43,40,21,291.3,51,48,26,29.5,118,38,-1,9,-9,0,17,42,10,0
43,2019,Haotong Li,43,72,74,73,68,287,-1,44850,29,50,57,43,39,29,298.6,29,49,21,30.5,122,51,3,4,-8,0,15,44,12,0
44,2019,Keith Mitchell,43,72,74,72,69,287,-1,44850,29,50,50,43,35,47,311.5,6,42,59,28.8,115,18,3,5,-9,2,14,40,15,0
45,2018,Patrick Reed,1,69,66,67,71,273,-15,1980000,4,1,1,1,41,13,299.3,6,48,21,26.0,104,1,4,-6,-13,2,22,37,11,0
46,2018,Rickie Fowler,2,70,72,65,67,274,-14,1188000,11,8,3,2,40,16,290.6,25,51,7,28.3,113,9,-1,-4,-9,1,18,47,6,0
47,2018,Jordan Spieth,3,66,74,71,64,275,-13,748000,1,4,9,3,38,26,287.1,35,52,4,29.3,117,21,-3,2,-12,1,21,41,8,0
48,2018,Jon Rahm,4,75,68,65,69,277,-11,528000,55,14,4,4,41,13,295.4,8,49,15,28.0,112,5,2,-2,-11,2,17,44,8,0
49,2018,Henrik Stenson,5,69,70,70,70,279,-9,386375,4,3,5,5,43,5,284.9,38,51,7,29.3,117,21,3,-5,-7,0,18,45,9,0
50,2018,Bubba Watson,5,73,69,68,69,279,-9,386375,29,8,6,5,47,2,304.0,3,56,1,30.5,122,46,0,-3,-6,1,16,46,9,0
51,2018,Rory McIlroy,5,69,71,65,74,279,-9,386375,4,4,2,5,35,37,302.6,4,43,40,27.3,109,2,-1,1,-9,1,16,46,9,0
52,2018,Cameron Smith,5,71,72,70,66,279,-9,386375,16,14,12,5,33,44,293.3,16,49,15,28.5,114,13,-1,-1,-7,0,16,49,7,0
53,2018,Marc Leishman,9,70,67,73,70,280,-8,319000,11,2,6,9,30,50,291.8,21,47,23,28.3,113,9,-2,-1,-5,1,14,50,6,0
54,2018,Tony Finau,10,68,74,73,66,281,-7,286000,2,8,15,10,31,49,290.3,26,43,40,27.8,111,3,-1,4,-10,0,18,43,11,0
55,2018,Dustin Johnson,10,73,68,71,69,281,-7,286000,29,6,11,10,37,29,304.9,2,49,15,30.0,120,34,0,3,-10,1,16,45,9,0
56,2018,Charley Hoffman,12,69,73,73,67,282,-6,231000,4,8,15,12,39,21,289.0,31,52,4,29.3,117,21,1,2,-9,1,15,46,9,0
57,2018,Justin Rose,12,72,70,71,69,282,-6,231000,21,8,12,12,41,13,294.4,12,53,2,30.3,121,42,2,-1,-7,0,19,41,11,0
58,2018,Louis Oosthuizen,12,71,71,71,69,282,-6,231000,16,8,12,12,35,37,297.0,7,50,11,29.5,118,29,-4,2,-4,0,18,43,10,0
59,2018,Paul Casey,15,74,75,69,65,283,-5,192500,42,46,30,15,28,52,281.8,47,45,32,28.0,112,5,0,4,-9,1,16,42,13,0
60,2018,Russell Henley,15,73,72,71,67,283,-5,192500,29,23,21,15,43,5,286.3,36,51,7,30.0,120,34,2,0,-7,1,18,39,13,0
61,2018,Tommy Fleetwood,17,72,72,66,74,284,-4,170500,21,18,6,17,38,26,310.6,1,50,11,30.8,123,48,-3,5,-6,0,17,42,13,0
62,2018,Justin Thomas,17,74,67,70,73,284,-4,170500,42,6,9,17,34,42,302.3,5,53,2,30.3,121,42,3,0,-7,0,16,46,8,0
63,2018,Hideki Matsuyama,19,73,71,72,69,285,-3,154000,29,18,21,19,40,16,294.0,13,47,23,29.8,119,32,2,1,-6,0,12,52,7,0
64,2018,Francesco Molinari,20,72,74,70,70,286,-2,128150,21,28,21,20,43,5,289.1,30,50,11,31.0,124,50,5,0,-7,0,15,45,11,0
65,2018,Jimmy Walker,20,73,71,71,71,286,-2,128150,29,18,15,20,33,44,291.8,21,47,23,29.0,116,17,2,0,-4,0,14,47,10,0
66,2018,Jason Day,20,75,71,69,71,286,-2,128150,55,28,15,20,36,36,292.1,17,47,23,30.0,120,34,3,0,-5,0,13,48,11,0
67,2018,Webb Simpson,20,76,73,70,67,286,-2,128150,62,46,36,20,37,29,283.0,44,42,48,28.0,112,5,4,4,-10,2,15,38,17,0
68,2018,Bernd Wiesberger,24,70,73,72,72,287,-1,93775,11,14,15,24,33,44,295.3,10,52,4,30.8,123,48,4,-2,-3,0,14,46,11,0
69,2018,Branden Grace,24,73,73,74,67,287,-1,93775,29,28,40,24,33,44,292.1,17,45,32,28.8,115,15,4,4,-9,0,16,41,15,0
70,2018,Adam Hadwin,24,69,75,72,71,287,-1,93775,4,18,21,24,39,21,291.9,20,50,11,30.0,120,34,-1,7,-7,0,16,43,11,0
71,2018,Si Woo Kim,24,75,73,68,71,287,-1,93775,55,40,21,24,35,37,283.5,41,43,40,29.0,116,17,0,3,-4,0,14,45,13,0
72,2018,Matt Kuchar,28,68,75,72,73,288,0,76450,2,14,15,28,40,16,283.3,42,41,51,28.3,113,9,3,2,-5,0,16,41,14,0
73,2018,Ryan Moore,28,74,72,72,70,288,0,76450,42,28,30,28,47,2,286.3,36,49,15,30.0,120,34,3,3,-6,0,14,45,12,0
74,2018,Kevin Kisner,28,72,75,69,72,288,0,76450,21,35,21,28,42,12,283.6,40,41,51,27.8,111,3,0,8,-8,1,16,39,14,0
75,2018,Satoshi Kodaira,28,71,74,71,72,288,0,76450,16,23,21,28,40,16,290.9,24,43,40,28.3,113,9,3,1,-4,0,16,40,16,0
76,2018,Tiger Woods,32,73,75,72,69,289,1,63663,29,40,40,32,30,50,293.8,14,48,21,29.3,117,21,0,7,-6,1,13,43,14,0
77,2018,Adam Scott,32,75,73,70,71,289,1,63663,55,40,30,32,39,21,290.3,26,49,15,31.3,125,52,0,5,-4,0,12,48,11,0
78,2018,Haotong Li,32,69,76,72,72,289,1,63663,4,23,29,32,37,29,292.1,17,47,23,28.8,115,15,-3,9,-5,0,15,43,12,0
79,2018,Daniel Berger,32,73,74,71,71,289,1,63663,29,35,30,32,43,5,288.1,33,46,31,29.5,118,29,0,7,-6,0,16,42,11,0
80,2018,Phil Mickelson,36,70,79,74,67,290,2,55275,11,46,50,36,28,52,283.3,42,43,40,28.0,112,5,4,4,-6,2,15,39,13,0
81,2018,Zach Johnson,36,70,74,74,72,290,2,55275,11,18,30,36,35,37,291.0,23,47,23,29.5,118,29,-1,8,-5,0,15,41,15,0
82,2018,Fred Couples,38,72,74,73,72,291,3,46200,21,28,36,38,40,16,273.9,52,45,32,29.3,117,21,-1,9,-5,0,8,55,8,0
83,2018,Bernhard Langer,38,74,74,71,72,291,3,46200,42,40,36,38,48,1,270.1,53,49,15,30.5,122,46,1,3,-1,0,9,51,12,0
84,2018,Rafael Cabrera-Bello,38,69,76,74,72,291,3,46200,4,23,36,38,39,21,289.5,28,47,23,30.3,121,42,0,7,-4,0,17,37,16,0
85,2018,Jhonattan Vegas,38,77,69,72,73,291,3,46200,73,28,30,38,37,29,289.4,29,44,36,29.3,117,21,0,10,-7,0,13,44,14,0
86,2018,Matthew Fitzpatrick,38,75,74,67,75,291,3,46200,55,46,21,38,46,4,280.5,48,44,36,29.0,116,17,3,5,-5,1,14,41,13,0
87,2018,Bryson DeChambeau,38,74,74,72,71,291,3,46200,42,40,40,38,43,5,294.8,11,47,23,31.0,124,50,7,1,-5,0,12,45,15,0
88,2018,Ian Poulter,44,74,75,74,69,292,4,35200,42,46,50,44,43,5,288.0,34,45,32,29.0,116,17,4,5,-5,0,18,34,18,0
89,2018,Brian Harman,44,73,74,76,69,292,4,35200,29,35,50,44,39,21,282.5,45,44,36,29.3,117,21,2,9,-7,0,16,39,14,0
90,2017,Sergio Garcia,1,71,69,70,69,279,-9,1980000,4,1,1,1,45,2,0.0,0,54,2,29.8,119,20,1,-3,-7,1,14,50,7,0
91,2017,Justin Rose,2,71,72,67,69,279,-9,1188000,4,6,1,1,35,31,0.0,0,54,2,30.0,120,29,2,-2,-9,0,21,39,12,0
92,2017,Charl Schwartzel,3,74,72,68,68,282,-6,748000,26,16,8,3,39,17,0.0,0,49,11,29.3,117,13,3,3,-12,1,16,43,12,0
93,2017,Matt Kuchar,4,72,73,71,67,283,-5,484000,12,13,11,4,38,20,0.0,0,45,27,28.0,112,5,-5,4,-4,1,14,46,11,0
94,2017,Thomas Pieters,4,72,68,75,68,283,-5,484000,12,1,9,4,34,36,0.0,0,48,14,29.0,116,11,0,4,-9,1,18,41,9,0
95,2017,Paul Casey,6,72,75,69,68,284,-4,396000,12,19,11,6,35,31,0.0,0,56,1,31.8,127,49,2,2,-8,0,16,44,12,0
96,2017,Rory McIlroy,7,72,73,71,69,285,-3,354750,12,13,11,7,29,51,0.0,0,44,30,29.0,116,11,-2,6,-7,0,15,46,10,0
97,2017,Kevin Chappell,7,71,76,70,68,285,-3,354750,4,19,17,7,34,36,0.0,0,51,6,30.8,123,39,0,5,-8,1,15,42,14,0
98,2017,Adam Scott,9,75,69,69,73,286,-2,308000,41,10,7,9,36,27,0.0,0,53,4,31.0,124,43,-4,6,-4,0,16,43,12,0
99,2017,Ryan Moore,9,74,69,69,74,286,-2,308000,26,6,4,9,42,5,0.0,0,46,22,29.8,119,20,3,4,-9,0,14,47,10,0
100,2017,Rickie Fowler,11,73,67,71,76,287,-1,233200,19,1,3,11,33,40,0.0,0,38,49,27.3,109,1,2,8,-11,1,15,41,14,0
101,2017,Hideki Matsuyama,11,76,70,74,67,287,-1,233200,54,16,28,11,37,25,0.0,0,51,6,31.3,125,45,5,0,-6,1,14,45,9,0
102,2017,Jordan Spieth,11,75,69,68,75,287,-1,233200,41,10,4,11,30,47,0.0,0,49,11,30.3,121,32,1,2,-4,0,17,43,10,0
103,2017,Russell Henley,11,71,76,71,69,287,-1,233200,4,19,21,11,36,27,0.0,0,43,37,28.5,114,7,1,4,-6,1,12,46,13,0
104,2017,Brooks Koepka,11,74,73,71,69,287,-1,233200,26,19,21,11,33,40,0.0,0,42,40,28.8,115,8,5,4,-10,0,19,37,14,0
105,2017,Steve Stricker,16,75,73,72,68,288,0,181500,41,32,28,16,43,3,0.0,0,42,40,28.3,113,6,2,6,-8,1,14,42,14,0
106,2017,Martin Kaymer,16,78,68,74,68,288,0,181500,75,16,28,16,40,11,0.0,0,44,30,27.8,111,3,2,2,-4,1,16,39,14,0
107,2017,Fred Couples,18,73,70,74,72,289,1,148500,19,6,17,18,39,17,0.0,0,47,19,29.8,119,20,5,0,-4,0,15,43,12,0
108,2017,Lee Westwood,18,70,77,68,74,289,1,148500,3,19,9,18,33,40,0.0,0,44,30,29.8,119,20,-1,7,-5,0,17,37,18,0
109,2017,Pat Perez,18,74,74,70,71,289,1,148500,26,32,21,18,40,11,0.0,0,46,22,29.8,119,20,2,6,-7,0,15,41,16,0
110,2017,Jimmy Walker,18,76,71,70,72,289,1,148500,54,19,17,18,34,36,0.0,0,38,49,27.3,109,1,3,2,-4,0,12,48,11,0
111,2017,Phil Mickelson,22,71,73,74,72,290,2,105600,4,10,21,22,35,31,0.0,0,43,37,29.3,117,13,1,11,-10,2,14,38,16,0
112,2017,Charley Hoffman,22,65,75,72,78,290,2,105600,1,1,4,22,31,46,0.0,0,48,14,30.0,120,29,0,6,-4,0,18,37,14,0
113,2017,Jason Day,22,74,76,69,71,290,2,105600,26,45,27,22,41,8,0.0,0,45,27,29.5,118,16,-1,7,-4,0,15,42,13,0
114,2017,William McGirt,22,69,73,74,74,290,2,105600,2,5,11,22,42,5,0.0,0,38,49,27.8,111,3,1,7,-6,0,11,49,11,0
115,2017,Justin Thomas,22,73,76,71,70,290,2,105600,19,35,28,22,30,47,0.0,0,51,6,31.8,127,49,4,5,-7,1,9,50,11,0
116,2017,Brandt Snedeker,27,75,74,69,73,291,3,78100,41,35,21,27,35,31,0.0,0,44,30,29.8,119,20,-2,8,-3,0,14,42,15,0
117,2017,Brendan Steele,27,74,73,75,69,291,3,78100,26,19,36,27,35,31,0.0,0,48,14,30.5,122,35,1,2,0,0,10,52,7,0
118,2017,Branden Grace,27,76,74,71,70,291,3,78100,54,45,32,27,30,47,0.0,0,50,10,31.3,125,45,-1,11,-7,1,10,47,13,0
119,2017,Daniel Berger,27,77,73,72,69,291,3,78100,66,45,36,27,38,20,0.0,0,46,22,29.5,118,16,1,8,-6,1,13,43,12,0
120,2017,Jon Rahm,27,73,70,73,75,291,3,78100,19,6,11,27,33,40,0.0,0,48,14,30.3,121,32,6,7,-10,1,12,46,10,0
121,2017,Matthew Fitzpatrick,32,71,78,73,70,292,4,68200,4,35,36,32,39,17,0.0,0,46,22,29.5,118,16,5,6,-7,0,15,40,15,0
122,2017,Francesco Molinari,33,78,72,71,72,293,5,62150,75,45,32,33,42,5,0.0,0,51,6,32.0,128,53,2,11,-8,0,12,45,13,0
123,2017,Jason Dufner,33,71,76,70,76,293,5,62150,4,19,17,33,36,27,0.0,0,45,27,29.8,119,20,2,2,1,0,17,36,16,0
124,2017,Byeong Hun An,33,76,73,74,70,293,5,62150,54,35,40,33,40,11,0.0,0,46,22,31.0,124,43,2,7,-4,0,13,44,13,0
125,2017,Soren Kjeldsen,36,72,73,71,78,294,6,52938,12,13,11,36,46,1,0.0,0,49,11,30.5,122,35,4,11,-9,1,9,47,13,0
126,2017,Bill Haas,36,75,72,71,76,294,6,52938,41,19,21,36,33,40,0.0,0,47,19,30.8,123,39,4,6,-4,0,10,47,14,0
127,2017,Brian Stuard,36,77,70,74,73,294,6,52938,66,19,32,36,41,8,0.0,0,41,46,28.8,115,8,1,13,-8,0,11,46,14,0
128,2017,Adam Hadwin,36,75,74,75,70,294,6,52938,41,35,43,36,32,45,0.0,0,42,40,28.8,115,8,2,7,-3,0,14,40,16,0
129,2017,Stewart Hagestad,36,74,73,74,73,294,6,0,26,19,32,36,26,53,0.0,0,48,14,31.5,126,47,3,11,-8,0,13,40,19,0
130,2017,Louis Oosthuizen,41,77,71,76,71,295,7,46200,66,32,43,41,34,36,0.0,0,47,19,29.3,117,13,1,6,0,0,12,46,11,0
131,2017,Ross Fisher,41,76,74,74,71,295,7,46200,54,45,43,41,38,20,0.0,0,52,5,31.5,126,47,1,6,0,0,9,51,9,0
132,2017,Marc Leishman,43,73,74,78,71,296,8,40700,19,19,47,43,37,25,0.0,0,44,30,29.5,118,16,4,5,-1,1,8,49,11,0
133,2017,Bernd Wiesberger,43,77,72,76,71,296,8,40700,66,35,47,43,40,11,0.0,0,44,30,29.8,119,20,2,4,2,0,14,42,12,0
134,2017,Kevin Kisner,43,74,75,74,73,296,8,40700,26,35,40,43,40,11,0.0,0,42,40,30.5,122,35,5,7,-4,0,11,43,17,0
135,2016,Danny Willett,1,70,74,72,67,283,-5,1800000,9,8,5,1,38,26,278.8,32,48,6,28.5,114,4,-2,-3,0,0,13,51,8,0
136,2016,Lee Westwood,2,71,75,71,69,286,-2,880000,13,23,8,2,32,54,282.8,22,51,3,30.8,123,37,0,6,-8,1,16,39,16,0
137,2016,Jordan Spieth,2,66,74,73,73,286,-2,880000,1,1,1,2,38,26,278.0,36,43,30,28.0,112,2,2,7,-11,0,22,36,10,0
138,2016,Paul Casey,4,69,77,74,67,287,-1,413333,4,23,16,4,37,34,283.1,21,44,25,29.3,117,12,1,6,-8,0,16,41,15,0
139,2016,J.B. Holmes,4,72,73,74,68,287,-1,413333,21,15,13,4,34,45,291.5,5,44,25,28.5,114,4,1,3,-5,0,17,40,14,0
140,2016,Dustin Johnson,4,73,71,72,71,287,-1,413333,34,8,5,4,33,49,299.5,1,42,37,28.8,115,7,-2,7,-6,0,16,44,9,0
141,2016,Soren Kjeldsen,7,69,74,74,71,288,0,311667,4,5,8,7,43,3,264.1,54,48,6,29.8,119,16,-1,4,-3,0,13,46,13,0
142,2016,Hideki Matsuyama,7,71,72,72,73,288,0,311667,13,5,3,7,40,15,285.9,15,43,30,29.8,119,16,4,4,-8,0,16,41,14,0
143,2016,Matthew Fitzpatrick,7,71,76,74,67,288,0,311667,13,33,23,7,41,10,270.6,51,54,1,32.0,128,55,2,2,-4,0,11,50,11,0
144,2016,Justin Rose,10,69,77,73,70,289,1,230000,4,23,13,10,37,34,289.8,8,52,2,31.5,126,47,3,4,-6,0,19,34,18,0
145,2016,Brandt Snedeker,10,71,72,74,72,289,1,230000,13,5,8,10,38,26,275.1,41,43,30,29.3,117,12,2,7,-8,0,14,44,13,0
146,2016,Jason Day,10,72,73,71,73,289,1,230000,21,15,5,10,31,56,287.3,10,46,11,30.0,120,22,5,4,-8,1,13,44,13,0
147,2016,Rory McIlroy,10,70,71,77,71,289,1,230000,9,2,11,10,40,15,287.3,10,46,11,30.8,123,37,5,6,-10,1,16,38,15,0
148,2016,Daniel Berger,10,73,71,74,71,289,1,230000,34,8,11,10,42,5,273.3,45,49,5,30.3,121,25,2,3,-4,0,15,41,16,0
149,2016,Louis Oosthuizen,15,72,77,71,71,291,3,175000,21,47,16,15,43,3,289.0,9,47,10,30.3,121,25,3,6,-6,1,11,44,16,0
150,2016,Kiradech Aphibarnrat,15,72,72,77,70,291,3,175000,21,8,23,15,39,24,286.5,13,44,25,30.5,122,34,2,10,-9,1,12,43,15,0
151,2016,Rafael Cabrera-Bello,17,74,73,75,70,292,4,145000,43,33,32,17,39,24,282.1,25,45,21,30.5,122,34,5,7,-8,1,12,44,13,0
152,2016,Billy Horschel,17,70,77,73,72,292,4,145000,9,33,16,17,35,43,272.6,48,46,11,30.0,120,22,3,7,-6,1,10,45,16,0
153,2016,Danny Lee,17,68,74,79,71,292,4,145000,2,3,23,17,36,39,278.3,34,50,4,31.3,125,43,-1,9,-4,0,16,38,16,0
154,2016,Emiliano Grillo,17,71,75,74,72,292,4,145000,13,23,16,17,41,10,272.8,47,46,11,30.3,121,25,3,5,-4,0,19,32,19,0
155,2016,Jamie Donaldson,21,74,72,75,72,293,5,116000,43,23,23,21,33,49,277.8,38,42,37,29.0,116,10,3,11,-9,1,12,43,13,0
156,2016,Brooks Koepka,21,73,72,76,72,293,5,116000,34,15,23,21,40,15,287.0,12,46,11,31.3,125,43,5,6,-6,0,13,42,16,0
157,2016,Bryson Dechambeau,21,72,72,77,72,293,5,0,21,8,23,21,34,45,290.5,6,43,30,29.0,116,10,-1,7,-1,0,13,45,11,0
158,2016,Bernhard Langer,24,72,73,70,79,294,6,89000,21,15,3,24,41,10,264.0,55,46,11,29.8,119,16,2,11,-7,0,11,45,15,0
159,2016,Angel Cabrera,24,73,73,73,75,294,6,89000,34,23,13,24,37,34,278.3,34,43,30,29.3,117,12,0,1,5,0,11,49,9,0
160,2016,Henrik Stenson,24,72,75,78,69,294,6,89000,21,33,43,24,42,5,283.6,18,44,25,31.0,124,41,2,10,-6,1,13,41,13,0
161,2016,Matt Kuchar,24,75,73,72,74,294,6,89000,54,42,16,24,46,1,270.1,52,45,21,30.5,122,34,4,10,-8,0,14,40,17,0
162,2016,Bill Haas,24,75,74,72,73,294,6,89000,54,47,23,24,41,10,273.1,46,44,25,29.8,119,16,3,11,-8,1,10,44,16,0
163,2016,Charley Hoffman,29,71,77,73,74,295,7,68000,13,42,23,29,34,45,286.0,14,46,11,31.0,124,41,5,8,-6,1,8,48,13,0
164,2016,Jimmy Walker,29,71,75,74,75,295,7,68000,13,23,16,29,35,43,289.9,7,45,21,31.3,125,43,4,8,-5,0,12,41,19,0
165,2016,Scott Piercy,29,70,72,79,74,295,7,68000,9,3,23,29,40,15,281.0,27,46,11,31.5,126,47,2,11,-6,1,10,45,14,0
166,2016,Webb Simpson,29,77,72,74,72,295,7,68000,71,47,34,29,40,15,278.9,31,42,37,30.3,121,25,7,9,-9,1,12,42,14,0
167,2016,Smylie Kaufman,29,73,72,69,81,295,7,68000,34,15,2,29,37,34,280.3,28,42,37,30.3,121,25,2,10,-5,0,12,42,17,0
168,2016,Sergio Garcia,34,69,75,81,71,296,8,56500,4,8,43,34,33,49,298.3,2,48,6,31.8,127,51,1,12,-5,0,14,39,16,0
169,2016,Kevin Streelman,34,71,75,79,71,296,8,56500,13,23,43,34,46,1,285.3,16,43,30,28.8,115,7,7,8,-7,1,11,42,15,0
170,2016,Bernd Wiesberger,34,73,72,79,72,296,8,56500,34,15,38,34,37,34,274.0,44,48,6,31.5,126,47,4,6,-2,0,9,48,13,0
171,2016,Bubba Watson,37,75,75,76,71,297,9,50250,54,57,48,37,36,39,293.5,4,42,37,29.8,119,16,7,7,-5,0,12,40,19,0
172,2016,Kevin Kisner,37,77,72,76,72,297,9,50250,71,47,43,37,42,5,266.9,53,40,46,30.3,121,25,4,9,-4,2,11,38,19,0
173,2016,Shane Lowry,39,68,76,79,75,298,10,46000,2,8,34,39,36,39,282.5,23,42,37,29.3,117,12,4,9,-3,1,11,40,18,0
174,2016,Justin Thomas,39,76,73,78,71,298,10,46000,59,47,50,39,34,45,277.9,37,46,11,31.8,127,51,1,13,-4,0,8,47,16,0
175,2016,Romain Langasque,39,74,73,83,68,298,10,0,43,33,56,39,38,26,275.0,43,37,52,28.8,115,7,4,8,-2,1,9,42,19,0
176,2016,Davis Love III,42,73,73,76,77,299,11,37000,34,23,32,42,41,10,279.1,30,40,46,30.8,123,37,7,10,-6,1,12,36,21,0
177,2016,Chris Wood,42,72,73,75,79,299,11,37000,21,15,16,42,33,49,275.1,41,40,46,30.3,121,25,5,9,-3,0,10,44,16,0
178,2016,Adam Scott,42,76,72,75,76,299,11,37000,59,42,34,42,30,57,296.3,3,37,52,30.0,120,22,6,7,-2,0,10,41,21,0
179,2016,Victor Dubuisson,42,73,76,76,74,299,11,37000,34,47,43,42,38,26,281.1,26,42,37,30.3,121,25,6,14,-9,0,12,40,17,0
180,2015,Jordan Spieth,1,64,66,70,70,270,-18,1800000,1,1,1,1,39,20,285.0,52,54,2,27.0,108,3,-3,-3,-12,0,28,35,8,0
181,2015,Phil Mickelson,2,70,68,67,69,274,-14,880000,12,6,3,2,39,20,305.0,14,51,7,28.5,114,11,0,1,-15,2,19,42,9,0
182,2015,Justin Rose,2,67,70,67,70,274,-14,880000,2,3,2,2,44,6,293.0,35,54,2,29.0,116,17,-2,-3,-9,0,24,38,10,0
183,2015,Rory McIlroy,4,71,71,68,66,276,-12,480000,18,19,5,4,43,8,305.5,12,53,4,29.5,118,32,2,0,-14,2,18,43,8,0
184,2015,Hideki Matsuyama,5,71,70,70,66,277,-11,400000,18,12,10,5,35,38,288.0,44,50,11,28.3,113,10,-3,3,-11,3,14,46,9,0
185,2015,Ian Poulter,6,73,72,67,67,279,-9,335000,41,33,12,6,40,17,294.0,34,59,1,30.5,122,42,1,-1,-9,0,20,43,7,0
186,2015,Paul Casey,6,69,68,74,68,279,-9,335000,8,3,10,6,38,23,286.5,48,50,11,29.0,116,17,-1,-1,-7,1,14,50,7,0
187,2015,Dustin Johnson,6,70,67,73,69,279,-9,335000,12,3,5,6,34,45,297.0,30,43,49,26.5,106,1,3,2,-14,3,18,39,9,0
188,2015,Charley Hoffman,9,67,68,71,74,280,-8,270000,2,2,4,9,35,38,298.0,29,50,11,29.5,118,32,0,-1,-7,1,15,47,9,0
189,2015,Zach Johnson,9,72,72,68,68,280,-8,270000,31,29,12,9,44,6,301.0,19,51,7,29.3,117,23,-1,4,-11,1,17,44,9,0
190,2015,Hunter Mahan,9,75,70,68,67,280,-8,270000,69,33,18,9,40,17,312.0,4,50,11,29.0,116,17,-1,-1,-6,0,20,42,8,0
191,2015,Bill Haas,12,69,71,72,70,282,-6,196000,8,8,12,12,45,4,298.5,26,52,5,30.0,120,36,1,-1,-6,0,18,43,10,0
192,2015,Kevin Na,12,74,66,70,72,282,-6,196000,54,8,5,12,35,38,287.0,47,46,28,28.0,112,6,1,-1,-6,1,18,39,14,0
193,2015,Ryan Moore,12,74,66,73,69,282,-6,196000,54,8,18,12,48,1,300.0,22,47,25,28.5,114,11,-2,3,-7,0,16,46,10,0
194,2015,Kevin Streelman,12,70,70,70,72,282,-6,196000,12,8,5,12,48,1,290.5,40,51,7,29.5,118,32,0,1,-7,0,12,54,6,0
195,2015,Rickie Fowler,12,73,72,70,67,282,-6,196000,41,33,25,12,34,45,286.0,49,48,22,29.3,117,23,1,3,-10,1,19,39,11,0
196,2015,Tiger Woods,17,73,69,68,73,283,-5,155000,41,19,5,17,30,51,302.0,18,46,28,28.5,114,11,3,4,-12,1,15,44,12,0
197,2015,Sergio Garcia,17,68,74,71,70,283,-5,155000,6,19,18,17,43,8,309.5,7,49,16,29.3,117,23,4,-5,-4,0,17,43,12,0
198,2015,Henrik Stenson,19,73,73,70,68,284,-4,135000,41,50,30,19,45,4,284.5,53,52,5,30.5,122,42,4,2,-10,1,15,44,11,0
199,2015,Louis Oosthuizen,19,72,69,71,72,284,-4,135000,31,12,12,19,36,30,298.5,26,49,16,29.0,116,17,6,-2,-8,0,17,43,11,0
200,2015,Russell Henley,21,68,74,72,71,285,-3,120000,6,19,21,21,36,30,304.5,16,46,28,28.0,112,6,0,6,-9,1,18,40,10,0
201,2015,Mark O'Meara,22,73,68,77,68,286,-2,92833,41,12,42,22,48,1,288.0,44,45,38,28.0,112,6,1,3,-6,0,20,37,12,0
202,2015,Ernie Els,22,67,72,75,72,286,-2,92833,2,7,21,22,35,38,296.0,31,46,28,29.3,117,23,0,9,-11,1,14,44,12,0
203,2015,Angel Cabrera,22,72,69,73,72,286,-2,92833,31,12,21,22,29,55,311.5,5,46,28,28.8,115,14,1,8,-11,1,15,42,13,0
204,2015,Bernd Wiesberger,22,75,70,70,71,286,-2,92833,69,33,25,22,36,30,292.0,39,43,49,28.8,115,14,3,2,-7,1,12,49,8,0
205,2015,Keegan Bradley,22,71,72,75,68,286,-2,92833,18,27,42,22,40,17,299.5,24,47,25,30.0,120,36,0,6,-8,0,17,41,13,0
206,2015,Patrick Reed,22,70,72,74,70,286,-2,92833,12,19,30,22,31,49,311.0,6,45,38,29.3,117,23,2,5,-9,0,15,44,13,0
207,2015,Steve Stricker,28,73,73,73,68,287,-1,68000,41,50,46,28,42,13,305.0,14,40,53,26.5,106,1,4,0,-5,0,15,45,10,0
208,2015,Jonas Blixt,28,72,70,70,75,287,-1,68000,31,19,12,28,35,38,292.5,37,44,44,28.0,112,6,1,3,-5,0,14,46,11,0
209,2015,Jason Day,28,67,74,71,75,287,-1,68000,2,12,12,28,30,51,326.0,1,43,49,29.3,117,23,0,6,-7,1,15,40,16,0
210,2015,Webb Simpson,28,69,75,72,71,287,-1,68000,8,29,30,28,37,25,298.5,26,50,11,31.0,124,50,2,8,-11,1,12,47,11,0
211,2015,Morgan Hoffmann,28,73,72,72,70,287,-1,68000,41,33,36,28,32,48,283.5,54,45,38,28.8,115,14,0,7,-8,2,13,43,13,0
212,2015,Ryan Palmer,33,69,74,74,71,288,0,54000,8,27,36,33,33,47,292.5,37,48,22,30.0,120,36,-4,15,-11,1,15,41,13,0
213,2015,Jamie Donaldson,33,74,71,76,67,288,0,54000,54,33,51,33,30,51,295.5,32,49,16,30.5,122,42,5,4,-9,0,18,38,14,0
214,2015,Sangmoon Bae,33,74,71,72,71,288,0,54000,54,33,36,33,38,23,307.0,9,44,44,29.0,116,17,1,5,-6,1,10,50,10,0
215,2015,Chris Kirk,33,72,73,72,71,288,0,54000,31,33,36,33,43,8,276.5,55,44,44,29.5,118,32,1,3,-4,1,13,45,11,0
216,2015,Brooks Koepka,33,74,71,71,72,288,0,54000,54,33,30,33,37,25,305.5,12,46,28,30.3,121,40,1,7,-8,1,17,38,14,0
217,2015,John Senden,38,71,74,72,72,289,1,40000,18,33,36,38,43,8,295.5,32,49,16,30.0,120,36,0,5,-4,1,12,45,13,0
218,2015,Adam Scott,38,72,69,74,74,289,1,40000,31,12,25,38,37,25,308.5,8,44,44,29.3,117,23,7,3,-9,1,14,45,9,0
219,2015,Jimmy Walker,38,73,72,74,70,289,1,40000,41,33,46,38,30,51,318.5,2,44,44,29.3,117,23,-3,11,-7,0,18,37,15,0
220,2015,Bubba Watson,38,71,71,73,74,289,1,40000,18,19,25,38,36,30,315.5,3,49,16,30.8,123,47,3,10,-12,2,15,38,15,0
221,2015,Charl Schwartzel,38,71,70,73,75,289,1,40000,18,12,21,38,36,30,301.0,19,46,28,30.8,123,47,2,11,-12,2,15,39,12,0
222,2015,Seung-Yul Noh,38,70,74,72,73,289,1,40000,12,29,30,38,31,49,307.0,9,45,38,29.3,117,23,4,1,-4,0,15,45,9,0
223,2015,Danny Willett,38,71,71,76,71,289,1,40000,18,19,42,38,42,13,293.0,35,45,38,29.0,116,17,3,6,-8,2,10,46,13,0
224,2015,Cameron Tringale,38,71,75,69,74,289,1,40000,18,50,25,38,43,8,300.0,22,40,53,27.8,111,5,4,5,-8,1,12,45,13,0
225,2014,Bubba Watson,1,69,68,74,69,280,-8,1620000,2,1,1,1,40,13,305.6,1,50,5,29.0,116,16,-1,1,-8,1,15,47,9,0
226,2014,Jonas Blixt,2,70,71,71,71,283,-5,792000,5,3,3,2,30,51,287.4,36,45,18,27.5,110,3,-1,2,-6,0,16,46,9,0
227,2014,Jordan Spieth,2,71,70,70,72,283,-5,792000,12,3,1,2,40,13,288.3,31,53,1,30.0,120,30,0,0,-5,1,14,46,11,0
228,2014,Miguel A. Jimenez,4,71,76,66,71,284,-4,432000,12,37,5,4,48,1,284.1,44,46,14,28.0,112,5,0,-1,-3,0,17,43,11,0
229,2014,Matt Kuchar,5,73,71,68,74,286,-2,342000,27,15,3,5,43,7,283.0,46,46,14,29.0,116,16,3,1,-6,0,15,45,11,0
230,2014,Rickie Fowler,5,71,75,67,73,286,-2,342000,12,26,5,5,32,47,286.3,38,38,44,27.0,108,1,-1,3,-4,0,13,49,9,0
231,2014,Lee Westwood,7,73,71,70,73,287,-1,301500,27,15,7,7,40,13,297.5,8,47,9,29.8,119,26,1,4,-6,0,12,50,9,0
232,2014,Bernhard Langer,8,72,74,73,69,288,0,234000,20,26,24,8,45,3,281.9,47,46,14,29.0,116,16,2,6,-8,1,14,44,10,0
233,2014,Thomas Bjorn,8,73,68,73,74,288,0,234000,27,3,7,8,41,11,278.4,49,43,26,28.5,114,10,0,3,-3,0,14,44,14,0
234,2014,John Senden,8,72,68,75,73,288,0,234000,20,2,10,8,34,40,295.3,13,43,26,29.3,117,22,1,8,-9,0,18,38,14,0
235,2014,Jimmy Walker,8,70,72,76,70,288,0,234000,5,7,18,8,35,38,288.8,28,51,4,31.5,126,50,-2,5,-3,0,17,38,17,0
236,2014,Kevin Stadler,8,70,73,72,73,288,0,234000,5,10,10,8,40,13,284.0,45,45,18,29.0,116,16,0,5,-5,0,16,42,12,0
237,2014,Rory McIlroy,8,71,77,71,69,288,0,234000,12,46,24,8,38,23,304.0,2,52,2,31.3,125,49,3,-3,0,0,16,42,12,0
238,2014,Jim Furyk,14,74,68,72,75,289,1,148500,40,7,7,14,46,2,289.6,27,47,9,30.0,120,30,4,4,-7,0,14,44,13,0
239,2014,Stewart Cink,14,73,72,76,68,289,1,148500,27,21,34,14,33,42,290.3,23,50,5,31.0,124,47,-1,4,-2,0,11,51,8,0
240,2014,Henrik Stenson,14,73,72,74,70,289,1,148500,27,21,24,14,39,19,295.6,11,47,9,31.0,124,47,5,3,-7,0,11,50,10,0
241,2014,Justin Rose,14,76,70,69,74,289,1,148500,67,26,10,14,37,29,292.9,16,46,14,30.0,120,30,4,5,-8,3,14,36,17,0
242,2014,Adam Scott,14,69,72,76,72,289,1,148500,2,3,16,14,33,42,298.4,6,48,8,30.5,122,42,3,4,-6,0,15,43,12,0
243,2014,Jamie Donaldson,14,73,70,76,70,289,1,148500,27,10,24,14,34,40,290.0,26,40,36,29.3,117,22,1,7,-7,0,15,42,14,0
244,2014,Fred Couples,20,71,71,73,75,290,2,101160,12,7,10,20,37,29,291.0,22,47,9,29.8,119,26,4,4,-6,0,14,44,12,0
245,2014,Ian Poulter,20,76,70,70,74,290,2,101160,67,26,14,20,36,35,296.0,10,42,29,27.8,111,4,2,1,-1,0,13,44,15,0
246,2014,Bill Haas,20,68,78,74,70,290,2,101160,1,26,29,20,38,23,286.6,37,47,9,30.3,121,36,1,7,-6,0,15,41,15,0
247,2014,Jason Day,20,75,73,70,72,290,2,101160,53,46,18,20,32,47,292.9,16,44,21,30.3,121,36,0,11,-9,0,15,42,13,0
248,2014,Chris Kirk,20,75,72,71,72,290,2,101160,53,37,18,20,44,4,284.3,43,42,29,28.8,115,13,4,10,-12,0,16,40,14,0
249,2014,Louis Oosthuizen,25,69,75,75,72,291,3,79200,2,15,24,25,38,23,303.1,3,49,7,30.0,120,30,4,3,-4,1,12,45,12,0
250,2014,Hunter Mahan,26,74,72,74,72,292,4,66600,40,26,29,26,43,7,301.3,4,44,21,30.0,120,30,3,7,-6,0,9,52,9,0
251,2014,Gonzalo Fernandez-Castano,26,75,69,74,74,292,4,66600,53,15,18,26,39,19,291.5,21,42,29,28.8,115,13,1,4,-1,0,12,44,16,0
252,2014,Steven Bowditch,26,74,72,74,72,292,4,66600,40,26,29,26,32,47,299.3,5,41,35,28.0,112,5,1,4,-1,1,11,46,11,0
253,2014,Joost Luiten,26,75,73,77,67,292,4,66600,53,46,50,26,36,35,293.0,15,43,26,30.8,123,46,3,6,-5,0,12,45,14,0
254,2014,Gary Woodland,26,70,77,69,76,292,4,66600,5,37,14,26,37,29,296.9,9,37,46,28.8,115,13,5,6,-7,1,12,42,16,0
255,2014,Steve Stricker,31,72,73,73,75,293,5,55800,20,21,18,31,38,23,287.5,35,37,46,28.0,112,5,4,9,-8,0,12,45,13,0
256,2014,Martin Kaymer,31,75,72,73,73,293,5,55800,53,37,29,31,40,13,290.1,24,45,18,30.0,120,30,1,8,-4,1,10,45,15,0
257,2014,Russell Henley,31,73,70,75,75,293,5,55800,27,10,18,31,37,29,292.0,19,37,46,27.3,109,2,1,7,-3,0,12,43,17,0
258,2014,Jose Maria Olazabal,34,74,74,73,73,294,6,48600,40,46,34,34,33,42,281.1,48,42,29,29.0,116,16,2,12,-8,0,15,40,13,0
259,2014,Stephen Gallacher,34,71,72,81,70,294,6,48600,12,10,46,34,41,11,298.1,7,40,36,29.3,117,22,2,10,-6,0,16,39,12,0
260,2014,K.J. Choi,34,70,75,78,71,294,6,48600,5,21,42,34,42,9,285.5,41,44,21,30.3,121,36,3,8,-5,0,12,43,16,0
261,2014,Vijay Singh,37,75,71,74,75,295,7,40500,53,26,29,37,39,19,288.8,28,39,43,28.5,114,10,4,5,-2,0,10,46,15,0
262,2014,Brendon De Jonge,37,74,72,76,73,295,7,40500,40,26,38,37,44,4,285.0,42,42,29,29.0,116,16,2,6,-1,0,12,44,13,0
263,2014,Thongchai Jaidee,37,73,74,75,73,295,7,40500,27,37,38,37,38,23,293.4,14,44,21,30.3,121,36,6,6,-5,0,13,42,14,0
264,2014,Brandt Snedeker,37,70,74,80,71,295,7,40500,5,15,46,37,37,29,288.8,28,40,36,29.3,117,22,6,7,-6,1,13,42,13,0
265,2014,Billy Horschel,37,75,72,75,73,295,7,40500,53,37,38,37,37,29,290.1,24,52,2,32.8,131,51,2,15,-10,2,12,36,21,0
266,2014,Lucas Glover,42,75,69,77,75,296,8,34200,53,15,34,42,36,35,292.4,18,42,29,30.3,121,36,4,8,-4,0,14,38,18,0
267,2014,Kevin Streelman,42,72,71,74,79,296,8,34200,20,10,16,42,40,13,285.8,39,40,36,29.8,119,26,8,6,-6,0,10,45,16,0
268,2014,Sandy Lyle,44,76,72,76,73,297,9,27972,67,46,46,44,33,42,287.8,33,40,36,29.8,119,26,5,10,-6,1,11,39,20,0
269,2014,Mike Weir,44,73,72,79,73,297,9,27972,27,21,46,44,32,47,277.0,50,33,50,28.3,113,9,1,14,-6,0,13,38,20,0
270,2013,Adam Scott,1,69,72,69,69,279,-9,1440000,10,7,3,1,32,49,293.8,18,55,1,30.0,120,39,1,-5,-5,0,15,51,6,0
271,2013,Angel Cabrera,2,71,69,69,70,279,-9,864000,23,4,1,1,36,34,289.4,31,52,3,29.3,117,23,-3,-3,-3,0,19,43,10,0
272,2013,Jason Day,3,70,68,73,70,281,-7,544000,13,1,4,3,38,20,285.8,43,47,17,28.0,112,7,5,-3,-9,1,17,43,10,0
273,2013,Tiger Woods,4,70,73,70,70,283,-5,352000,13,19,7,4,31,54,295.5,9,47,17,29.0,116,17,-1,0,-4,0,15,49,7,0
274,2013,Marc Leishman,4,66,73,72,72,283,-5,352000,1,2,4,4,39,16,286.6,38,46,23,28.3,113,10,2,-1,-6,0,16,45,11,0
275,2013,Brandt Snedeker,6,70,70,69,75,284,-4,278000,13,4,1,6,45,3,276.5,59,50,7,29.5,118,27,-2,8,-10,0,17,43,11,0
276,2013,Thorbjorn Olesen,6,78,70,68,68,284,-4,278000,82,55,18,6,40,9,301.0,2,53,2,30.5,122,49,3,6,-13,1,21,33,15,0
277,2013,Lee Westwood,8,70,71,73,71,285,-3,232000,13,7,9,8,38,20,294.0,16,42,47,27.8,111,4,1,0,-4,0,11,54,6,0
278,2013,Sergio Garcia,8,66,76,73,70,285,-3,232000,1,13,14,8,37,27,289.9,29,46,23,29.0,116,17,-1,3,-5,0,14,48,9,0
279,2013,Matt Kuchar,8,68,75,69,73,285,-3,232000,4,19,6,8,34,43,294.9,13,47,17,28.8,115,15,6,2,-11,0,15,45,12,0
280,2013,Tim Clark,11,70,76,67,73,286,-2,192000,13,37,7,11,47,1,280.1,53,46,23,29.0,116,17,-1,6,-7,0,20,35,16,0
281,2013,John Huh,11,70,77,71,68,286,-2,192000,13,48,28,11,45,3,283.5,49,48,11,30.0,120,39,3,1,-6,1,13,47,9,0
282,2013,Fred Couples,13,68,71,77,71,287,-1,145600,4,2,18,13,35,38,285.8,43,42,47,27.8,111,4,-1,6,-6,0,18,41,10,0
283,2013,David Toms,13,70,74,76,67,287,-1,145600,13,27,38,13,45,3,278.8,57,46,23,29.5,118,27,5,0,-6,1,16,39,15,0
284,2013,Ernie Els,13,71,74,73,69,287,-1,145600,23,31,28,13,34,43,291.3,21,36,59,27.5,110,3,2,12,-15,3,14,36,19,0
285,2013,Nick Watney,13,78,69,68,72,287,-1,145600,82,48,14,13,38,20,295.4,10,45,32,29.3,117,23,1,6,-8,1,16,38,17,0
286,2013,Dustin Johnson,13,67,76,74,70,287,-1,145600,3,19,23,13,30,55,297.9,7,43,42,27.8,111,4,0,6,-7,1,16,40,13,0
287,2013,Henrik Stenson,18,75,71,73,69,288,0,116000,64,37,33,18,40,9,298.4,4,47,17,30.5,122,49,0,7,-7,1,16,37,18,0
288,2013,Branden Grace,18,78,70,71,69,288,0,116000,82,55,33,18,34,43,295.1,12,44,35,28.0,112,7,3,4,-7,1,15,42,11,0
289,2013,Steve Stricker,20,73,70,71,75,289,1,89920,46,19,9,20,38,20,287.8,35,48,11,30.5,122,49,4,3,-6,1,14,42,13,0
290,2013,Bo Van Pelt,20,71,74,70,74,289,1,89920,23,31,14,20,38,20,297.5,8,50,7,30.0,120,39,3,7,-9,1,13,43,14,0
291,2013,Bill Haas,20,71,72,74,72,289,1,89920,23,19,23,20,38,20,291.0,22,43,42,28.5,114,11,5,-5,1,1,11,48,10,0
292,2013,Gonzalo Fernandez-Castano,20,68,74,73,74,289,1,89920,4,13,14,20,37,27,290.6,25,49,9,30.5,122,49,1,3,-3,0,15,42,14,0
293,2013,Jason Dufner,20,72,69,75,73,289,1,89920,34,7,18,20,32,49,286.6,38,51,6,30.5,122,49,2,4,-5,0,16,41,13,0
294,2013,Bernhard Langer,25,71,71,72,76,290,2,56040,23,13,9,25,46,2,284.1,48,44,35,28.0,112,7,4,1,-3,1,12,45,12,0
295,2013,Jim Furyk,25,69,71,74,76,290,2,56040,10,4,9,25,40,9,273.0,60,47,17,30.0,120,39,1,4,-3,0,12,48,10,0
296,2013,Stewart Cink,25,75,71,73,71,290,2,56040,64,37,33,25,26,61,290.5,26,46,23,29.3,117,23,2,5,-5,0,14,44,12,0
297,2013,Freddie Jacobson,25,72,73,72,73,290,2,56040,34,31,23,25,30,55,289.9,29,44,35,28.5,114,11,2,2,-2,0,13,44,15,0
298,2013,Justin Rose,25,70,71,75,74,290,2,56040,13,7,18,25,40,9,294.1,15,52,3,31.3,125,57,8,1,-7,0,15,44,11,0
299,2013,Luke Donald,25,71,72,75,72,290,2,56040,23,19,28,25,43,7,286.4,40,43,42,29.0,116,17,2,7,-7,0,12,46,14,0
300,2013,Richard Sterne,25,73,72,75,70,290,2,56040,46,31,38,25,37,27,286.3,41,41,49,30.3,121,43,4,10,-12,1,15,38,17,0
301,2013,Charl Schwartzel,25,71,71,75,73,290,2,56040,23,13,23,25,35,38,287.6,36,47,17,29.5,118,27,3,6,-7,1,14,44,9,0
302,2013,Rory McIlroy,25,72,70,79,69,290,2,56040,34,13,44,25,39,16,288.0,33,46,23,29.5,118,27,2,7,-7,1,13,44,12,0
303,2013,Michael Thompson,25,73,71,79,67,290,2,56040,46,27,53,25,36,34,290.3,27,46,23,29.5,118,27,2,7,-7,1,12,45,12,0
304,2013,John Senden,35,72,70,75,74,291,3,41200,34,13,23,35,37,27,278.9,56,44,35,29.8,119,34,6,1,-4,0,16,37,19,0
305,2013,Zach Johnson,35,69,76,71,75,291,3,41200,10,31,18,35,35,38,279.5,54,48,11,31.3,125,57,0,4,-1,0,10,49,13,0
306,2013,Martin Kaymer,35,72,75,74,70,291,3,41200,34,48,44,35,33,47,292.9,20,48,11,31.3,125,57,3,3,-3,1,13,42,15,0
307,2013,Vijay Singh,38,72,74,74,72,292,4,32000,34,37,38,38,41,8,293.6,19,49,9,31.5,126,60,1,8,-5,0,13,45,11,0
308,2013,Brian Gay,38,72,74,74,72,292,4,32000,34,37,38,38,38,20,279.5,54,39,54,28.5,114,11,1,9,-6,1,8,49,14,0
309,2013,Paul Lawrie,38,76,70,75,71,292,4,32000,70,37,44,38,29,60,287.9,34,44,35,29.8,119,34,1,9,-6,0,14,43,12,0
310,2013,Robert Garrigus,38,76,71,72,73,292,4,32000,70,48,33,38,30,55,304.4,1,45,32,30.3,121,43,3,11,-10,3,11,39,18,0
311,2013,D.A. Points,38,72,75,72,73,292,4,32000,34,48,33,38,32,49,284.8,46,43,42,29.8,119,34,2,8,-6,0,14,41,16,0
312,2013,Ryan Moore,38,71,72,81,68,292,4,32000,23,19,56,38,39,16,290.8,24,48,11,30.5,122,49,3,7,-6,0,13,43,15,0
313,2013,Ryo Ishikawa,38,71,77,76,68,292,4,32000,23,55,56,38,37,27,285.9,42,44,35,29.5,118,27,3,7,-6,1,14,39,16,0
314,2013,Rickie Fowler,38,68,76,70,78,292,4,32000,4,27,9,38,36,34,282.0,52,38,56,27.0,108,1,6,8,-10,2,13,42,10,0
315,2012,Bubba Watson,1,69,71,70,68,278,-10,1440000,4,3,4,1,37,46,290.4,4,53,4,30.0,120,37,-4,2,-8,0,19,44,9,0
316,2012,Louis Oosthuizen,2,68,72,69,69,278,-10,864000,2,3,3,1,46,7,290.5,2,51,9,27.5,110,3,-1,-4,-5,1,18,43,9,0
317,2012,Phil Mickelson,3,74,68,66,72,280,-8,384000,55,11,2,3,34,55,282.3,25,45,24,26.8,107,1,1,2,-11,1,18,45,6,0
318,2012,Lee Westwood,3,67,73,72,68,280,-8,384000,1,3,6,3,42,22,287.4,8,58,1,32.0,128,59,-1,0,-7,0,20,41,10,0
319,2012,Peter Hanson,3,68,74,65,73,280,-8,384000,2,11,1,3,44,16,281.4,31,49,11,27.5,110,3,0,-1,-7,0,20,42,8,0
320,2012,Matt Kuchar,3,71,70,70,69,280,-8,384000,14,8,5,3,48,1,280.6,34,58,1,30.8,123,51,1,-4,-5,1,14,50,6,0
321,2012,Ian Poulter,7,72,72,70,69,283,-5,268000,29,24,11,7,39,34,279.8,37,43,36,27.3,109,2,0,2,-7,0,16,46,9,0
322,2012,Padraig Harrington,8,71,73,68,72,284,-4,232000,14,24,6,8,35,52,287.5,7,42,40,28.3,113,10,0,6,-10,1,14,46,10,0
323,2012,Justin Rose,8,72,72,72,68,284,-4,232000,29,24,24,8,45,9,287.1,9,52,6,30.5,122,47,2,-2,-4,1,12,50,8,0
324,2012,Adam Scott,8,75,70,73,66,284,-4,232000,64,31,32,8,38,40,280.9,33,52,6,30.8,123,51,-1,4,-7,2,13,45,11,0
325,2012,Jim Furyk,11,70,73,72,70,285,-3,200000,10,19,19,11,45,9,272.1,55,49,11,29.0,116,22,1,2,-6,1,13,46,12,0
326,2012,Fred Couples,12,72,67,75,72,286,-2,156800,29,1,11,12,42,22,273.1,49,44,29,28.3,113,10,0,3,-5,0,15,45,11,0
327,2012,Sergio Garcia,12,72,68,75,71,286,-2,156800,29,3,19,12,38,40,278.9,40,44,29,28.5,114,13,0,7,-9,0,19,38,13,0
328,2012,Hunter Mahan,12,72,72,68,74,286,-2,156800,29,24,6,12,40,31,282.5,23,51,9,30.8,123,51,0,5,-7,0,14,46,12,0
329,2012,Kevin Na,12,71,75,72,68,286,-2,156800,14,33,32,12,43,18,268.1,59,42,40,28.0,112,9,2,4,-8,1,12,47,12,0
330,2012,Graeme McDowell,12,75,72,71,68,286,-2,156800,64,40,32,12,43,18,273.0,50,43,36,28.8,115,16,0,4,-6,0,15,45,11,0
331,2012,Ben Crane,17,69,73,72,73,287,-1,124000,4,11,11,17,42,22,284.9,16,49,11,30.3,121,41,2,2,-5,0,15,44,12,0
332,2012,Bo Van Pelt,17,73,75,75,64,287,-1,124000,45,47,52,17,45,9,288.3,6,47,20,29.5,118,30,1,1,-3,2,11,46,12,0
333,2012,Freddie Jacobson,19,76,68,70,74,288,0,96960,73,24,11,19,41,26,282.5,23,45,24,28.8,115,16,0,5,-5,0,15,42,15,0
334,2012,Charles Howell III,19,72,70,74,72,288,0,96960,29,11,24,19,33,59,284.8,17,41,43,29.0,116,22,4,5,-9,1,10,49,12,0
335,2012,Geoff Ogilvy,19,74,72,71,71,288,0,96960,55,33,27,19,37,46,279.4,38,46,21,29.8,119,34,-2,7,-5,0,14,45,12,0
336,2012,Francesco Molinari,19,69,75,70,74,288,0,96960,4,24,11,19,48,1,272.4,53,54,3,31.3,125,57,1,6,-7,1,10,50,10,0
337,2012,Brandt Snedeker,19,72,75,68,73,288,0,96960,29,40,19,19,33,59,283.3,19,43,36,27.8,111,7,0,11,-11,0,17,40,13,0
338,2012,Paul Lawrie,24,69,72,72,76,289,1,70400,4,8,10,24,36,50,289.4,5,46,21,29.5,118,30,2,2,-3,2,7,51,12,0
339,2012,Anders Hansen,24,76,72,73,68,289,1,70400,73,47,44,24,48,1,278.6,41,48,16,30.0,120,37,2,3,-4,0,14,44,13,0
340,2012,Jason Dufner,24,69,70,75,75,289,1,70400,4,1,11,24,45,9,281.8,28,48,16,30.5,122,47,2,8,-9,1,15,41,12,0
341,2012,Vijay Singh,27,70,72,76,72,290,2,56800,10,11,32,27,41,26,281.5,30,45,24,30.3,121,41,5,3,-6,1,13,42,15,0
342,2012,Jonathan Byrd,27,72,71,72,75,290,2,56800,29,19,19,27,43,18,278.4,42,41,43,28.8,115,16,1,5,-4,0,12,46,14,0
343,2012,Scott Stallings,27,70,77,70,73,290,2,56800,10,40,27,27,42,22,282.3,25,49,11,30.3,121,41,1,1,0,0,13,45,13,0
344,2012,Rickie Fowler,27,74,74,72,70,290,2,56800,55,47,41,27,39,34,278.0,43,44,29,29.8,119,34,0,10,-8,0,14,42,16,0
345,2012,Keegan Bradley,27,71,77,73,69,290,2,56800,14,47,44,27,43,18,292.3,1,39,57,27.5,110,3,-1,9,-6,0,16,40,14,0
346,2012,Angel Cabrera,32,71,78,71,71,291,3,45280,14,57,41,32,35,52,281.9,27,48,16,30.0,120,37,3,8,-8,0,14,44,12,0
347,2012,Luke Donald,32,75,73,75,68,291,3,45280,64,47,52,32,45,9,272.4,53,41,43,29.0,116,22,2,7,-6,2,11,43,14,0
348,2012,Zach Johnson,32,70,74,75,72,291,3,45280,10,24,38,32,47,5,271.9,56,42,40,28.3,113,10,2,8,-7,1,11,46,12,0
349,2012,Sean O'Hair,32,73,70,71,77,291,3,45280,45,19,11,32,41,26,279.4,38,41,43,28.5,114,13,1,9,-7,0,15,42,12,0
350,2012,Nick Watney,32,71,71,72,77,291,3,45280,14,11,11,32,40,31,283.0,21,44,29,29.8,119,34,0,9,-6,0,13,43,16,0
351,2012,Thomas Bjorn,37,73,76,74,69,292,4,37600,45,57,52,37,44,16,279.9,36,39,57,27.8,111,7,2,7,-5,0,13,43,15,0
352,2012,Bill Haas,37,72,74,76,70,292,4,37600,29,33,48,37,39,34,272.8,52,46,21,30.8,123,51,2,7,-5,0,14,40,18,0
353,2012,Sangmoon Bae,37,75,71,69,77,292,4,37600,64,33,19,37,37,46,281.1,32,43,36,28.8,115,16,0,8,-4,2,12,42,12,0
354,2012,Tiger Woods,40,72,75,72,74,293,5,32000,29,40,38,40,32,61,281.6,29,40,51,28.5,114,13,3,3,-1,0,10,47,15,0
355,2012,Henrik Stenson,40,71,71,70,81,293,5,32000,14,11,6,40,34,55,285.5,13,45,24,29.0,116,22,3,9,-7,2,14,39,14,0
356,2012,Aaron Baddeley,40,71,71,77,74,293,5,32000,14,11,38,40,30,62,283.1,20,40,51,28.8,115,16,2,11,-8,1,14,41,12,0
357,2012,Rory McIlroy,40,71,69,77,76,293,5,32000,14,3,27,40,36,50,285.3,15,45,24,30.3,121,41,-2,11,-4,0,16,39,13,0
358,2012,Martin Kaymer,44,72,75,75,72,294,6,26400,29,40,48,44,45,9,275.8,46,44,29,30.3,121,41,4,8,-6,0,16,34,22,0
359,2012,Webb Simpson,44,72,74,70,78,294,6,26400,29,33,24,44,46,7,282.6,22,53,4,32.8,131,60,5,8,-7,0,10,48,13,0
360,2011,Charl Schwartzel,1,69,71,68,66,274,-14,1440000,7,12,2,1,37,31,278.4,44,49,18,26.8,107,2,-1,-4,-9,2,17,46,7,0
361,2011,Adam Scott,2,72,70,67,67,276,-12,704000,31,20,6,2,35,36,287.1,19,51,11,27.8,111,3,2,-1,-13,2,17,45,7,0
362,2011,Jason Day,2,72,64,72,68,276,-12,704000,31,2,2,2,39,20,287.3,18,52,6,28.5,114,11,-2,-2,-8,0,23,39,9,0
363,2011,Tiger Woods,4,71,66,74,67,278,-10,330667,24,3,9,4,37,31,287.8,15,53,5,30.0,120,32,0,0,-10,1,19,41,11,0
364,2011,Geoff Ogilvy,4,69,69,73,67,278,-10,330667,7,5,9,4,42,7,289.0,13,50,16,27.8,111,3,-4,-2,-4,0,20,43,8,0
365,2011,Luke Donald,4,72,68,69,69,278,-10,330667,31,12,6,4,38,26,280.3,39,41,47,25.5,102,1,0,-1,-9,1,21,38,11,0
366,2011,Angel Cabrera,7,71,70,67,71,279,-9,268000,24,18,2,7,48,1,292.0,9,54,3,29.3,117,21,5,-6,-8,0,19,43,10,0
367,2011,Bo Van Pelt,8,73,69,68,70,280,-8,240000,49,20,8,8,39,20,282.5,31,48,28,28.5,114,11,-1,1,-8,2,15,44,11,0
368,2011,K.J. Choi,8,67,70,71,72,280,-8,240000,3,3,2,8,36,34,279.4,41,49,18,28.5,114,11,0,2,-10,0,18,44,10,0
369,2011,Ryan Palmer,10,71,72,69,70,282,-6,216000,24,30,14,10,41,10,287.1,19,51,11,28.8,115,16,3,1,-10,2,15,44,9,0
370,2011,Steve Stricker,11,72,70,71,70,283,-5,176000,31,20,18,11,34,40,283.4,26,47,32,28.3,113,8,3,2,-10,0,22,33,17,0
371,2011,Lee Westwood,11,72,67,74,70,283,-5,176000,31,7,18,11,40,15,288.9,14,46,35,29.0,116,17,1,4,-10,1,15,45,10,0
372,2011,Justin Rose,11,73,71,71,68,283,-5,176000,49,37,30,11,44,5,280.4,38,57,1,31.0,124,42,-3,5,-7,1,16,44,9,0
373,2011,Edoardo Molinari,11,74,70,69,70,283,-5,176000,64,37,18,11,39,20,282.4,32,49,18,29.3,117,21,3,0,-8,0,17,45,8,0
374,2011,Fred Couples,15,71,68,72,73,284,-4,128000,24,7,9,15,33,44,287.4,17,51,11,29.3,117,21,-3,0,-1,0,12,53,6,0
375,2011,Trevor Immelman,15,69,73,73,69,284,-4,128000,7,20,30,15,39,20,289.1,12,49,18,29.0,116,17,1,2,-7,1,15,44,11,0
376,2011,Brandt Snedeker,15,69,71,74,70,284,-4,128000,7,12,24,15,44,5,281.4,37,45,39,28.3,113,8,1,3,-8,1,14,47,9,0
377,2011,Ross Fisher,15,69,71,71,73,284,-4,128000,7,12,9,15,41,10,291.1,11,46,35,29.0,116,17,6,-2,-8,1,15,44,11,0
378,2011,Rory McIlroy,15,65,69,70,80,284,-4,128000,1,1,1,15,40,15,303.1,2,54,3,31.0,124,42,1,0,-5,0,16,47,7,0
379,2011,Y.E. Yang,20,67,72,73,73,285,-3,93200,3,7,14,20,37,31,278.9,43,45,39,27.8,111,3,-4,13,-12,2,17,36,16,0
380,2011,Ricky Barnes,20,68,71,75,71,285,-3,93200,5,7,24,20,41,10,280.1,40,42,46,28.0,112,7,1,3,-7,0,18,40,13,0
381,2011,Martin Laird,20,74,69,69,73,285,-3,93200,64,30,14,20,31,46,282.6,30,47,32,29.3,117,21,1,-1,-3,0,16,44,11,0
382,2011,Ryo Ishikawa,20,71,71,73,70,285,-3,93200,24,20,30,20,38,26,293.4,5,49,18,29.8,119,29,4,0,-7,1,13,47,10,0
383,2011,David Toms,24,72,69,73,72,286,-2,70400,31,18,24,24,48,1,276.5,46,57,1,31.8,127,49,5,-2,-5,0,12,51,8,0
384,2011,Jim Furyk,24,72,68,74,72,286,-2,70400,31,12,24,24,41,10,271.9,47,50,16,29.8,119,29,0,2,-4,0,16,43,12,0
385,2011,Gary Woodland,24,69,73,74,70,286,-2,70400,7,20,38,24,38,26,293.9,4,48,28,29.5,118,26,1,2,-5,1,15,43,11,0
386,2011,Phil Mickelson,27,70,72,71,74,287,-1,54400,14,20,18,27,30,49,287.5,16,48,28,30.5,122,39,4,3,-8,0,13,49,8,0
387,2011,Charley Hoffman,27,74,69,72,72,287,-1,54400,64,30,30,27,38,26,281.8,34,49,18,30.3,121,34,4,2,-7,0,14,46,11,0
388,2011,Miguel A. Jimenez,27,71,73,70,73,287,-1,54400,24,37,24,27,40,15,279.1,42,40,49,27.8,111,3,2,4,-7,0,14,45,13,0
389,2011,Robert Karlsson,27,72,70,74,71,287,-1,54400,31,20,38,27,34,40,298.8,3,43,43,29.0,116,17,5,2,-8,2,13,42,14,0
390,2011,Matt Kuchar,27,68,75,69,75,287,-1,54400,5,30,14,27,42,7,286.0,23,52,6,31.0,124,42,0,3,-4,0,15,44,12,0
391,2011,Ian Poulter,27,74,69,71,73,287,-1,54400,64,30,24,27,46,4,283.4,26,49,18,29.5,118,26,0,0,-1,0,14,47,9,0
392,2011,Alvaro Quiros,27,65,73,75,74,287,-1,54400,1,5,18,27,31,46,303.4,1,52,6,30.5,122,39,2,2,-5,0,16,43,11,0
393,2011,Hideki Matsuyama,27,72,73,68,74,287,-1,0,31,43,18,27,35,36,286.6,22,46,35,29.5,118,26,1,4,-6,0,16,41,15,0
394,2011,Alex Cejka,35,72,71,75,70,288,0,43200,31,30,42,35,47,3,270.4,48,49,18,29.8,119,29,-1,7,-6,0,11,51,9,0
395,2011,Sergio Garcia,35,69,71,75,73,288,0,43200,7,12,30,35,39,20,283.5,25,47,32,30.3,121,34,4,3,-7,1,13,44,13,0
396,2011,Ryan Moore,35,70,73,72,73,288,0,43200,14,30,30,35,34,40,284.0,24,45,39,28.3,113,8,1,5,-6,0,15,43,13,0
397,2011,Paul Casey,38,70,72,76,71,289,1,36800,14,20,42,38,31,46,283.4,26,52,6,31.3,125,46,1,5,-5,0,13,46,12,0
398,2011,Bubba Watson,38,73,71,67,78,289,1,36800,49,37,9,38,39,20,292.8,8,52,6,31.5,126,48,7,2,-8,1,17,39,11,0
399,2011,Dustin Johnson,38,74,68,73,74,289,1,36800,64,20,30,38,35,36,293.3,6,49,18,30.3,121,34,5,1,-5,0,16,41,14,0
400,2011,Rickie Fowler,38,70,69,76,74,289,1,36800,14,7,30,38,35,36,291.5,10,44,42,28.5,114,11,1,5,-5,0,18,38,14,0
401,2011,Bill Haas,42,74,70,74,72,290,2,32000,64,37,42,42,40,15,277.4,45,48,28,30.8,123,41,3,4,-5,1,12,44,14,0
402,2011,Steve Marino,42,74,71,72,73,290,2,32000,64,43,40,42,41,10,281.5,36,51,11,31.0,124,42,5,-2,-1,0,12,48,11,0
403,2011,K.T. Kim,44,70,75,78,68,291,3,28800,14,43,49,44,38,26,269.0,49,51,11,31.3,125,46,0,6,-3,0,12,46,13,0
404,2011,Jeff Overton,44,73,72,72,74,291,3,28800,49,43,40,44,42,7,282.9,29,43,43,29.3,117,21,3,6,-6,1,12,44,13,0
405,2010,Phil Mickelson,1,67,71,67,67,272,-16,1350000,2,3,2,1,34,44,297.1,2,54,3,29.0,116,13,0,-4,-12,3,16,47,6,0
406,2010,Lee Westwood,2,67,69,68,71,275,-13,810000,2,1,1,2,35,43,292.3,6,58,1,30.3,121,31,-1,-1,-11,1,22,39,9,0
407,2010,Anthony Kim,3,68,70,73,65,276,-12,510000,7,3,9,3,33,46,277.3,39,51,9,28.5,114,5,-3,0,-9,2,18,42,10,0
408,2010,Tiger Woods,4,68,70,70,69,277,-11,330000,7,3,3,4,37,37,283.0,20,49,16,28.3,113,3,4,0,-15,4,17,37,14,0
409,2010,K.J. Choi,4,67,71,70,69,277,-11,330000,2,3,3,4,41,24,275.6,43,54,3,28.5,114,5,-4,1,-8,0,18,47,7,0
410,2010,Fred Couples,6,66,75,68,70,279,-9,270000,1,9,5,6,45,10,287.3,11,50,12,28.3,113,3,3,0,-12,1,19,41,10,0
411,2010,Nick Watney,7,68,76,71,65,280,-8,251250,7,21,16,7,42,21,293.4,4,55,2,30.0,120,28,2,-2,-8,1,16,45,10,0
412,2010,Y.E. Yang,8,67,72,72,70,281,-7,225000,2,8,9,8,41,24,285.1,15,48,19,28.8,115,11,1,-2,-6,0,16,48,7,0
413,2010,Hunter Mahan,8,71,71,68,71,281,-7,225000,22,12,6,8,43,17,289.6,8,54,3,30.3,121,31,-2,1,-6,1,15,46,10,0
414,2010,Ian Poulter,10,68,68,74,73,283,-5,195000,7,1,6,10,37,37,283.1,19,47,21,29.3,117,16,3,1,-9,0,17,44,10,0
415,2010,Ricky Barnes,10,68,70,72,73,283,-5,195000,7,3,6,10,34,44,279.0,34,50,12,29.5,118,23,1,0,-6,1,14,46,11,0
416,2010,Jerry Kelly,12,72,74,67,72,285,-3,165000,32,33,11,12,47,5,279.1,32,47,21,29.0,116,13,1,1,-5,0,14,47,11,0
417,2010,Miguel A. Jimenez,12,72,75,72,66,285,-3,165000,32,40,31,12,47,5,277.5,38,47,21,28.5,114,5,2,1,-6,1,13,47,10,0
418,2010,David Toms,14,69,75,71,71,286,-2,131250,12,21,16,14,46,8,279.1,32,49,16,29.3,117,16,0,2,-4,0,17,41,13,0
419,2010,Trevor Immelman,14,69,73,72,72,286,-2,131250,12,12,14,14,41,24,277.3,39,53,7,31.3,125,42,3,0,-5,0,11,52,9,0
420,2010,Ryan Moore,14,72,73,73,68,286,-2,131250,32,29,29,14,45,10,285.0,16,39,47,27.3,109,1,3,6,-11,1,16,40,14,0
421,2010,Steve Marino,14,71,73,69,73,286,-2,131250,22,21,11,14,38,34,282.1,21,51,9,30.3,121,31,0,5,-7,1,16,40,14,0
422,2010,Scott Verplank,18,73,73,73,68,287,-1,94500,45,33,31,18,42,21,277.1,41,49,16,29.8,119,26,3,3,-7,1,16,42,9,0
423,2010,Tom Watson,18,67,74,73,73,287,-1,94500,2,9,14,18,47,5,277.1,41,46,27,28.5,114,5,-1,6,-6,0,15,43,14,0
424,2010,Ernie Els,18,71,73,75,68,287,-1,94500,22,21,31,18,40,27,283.3,17,48,19,29.0,116,13,1,0,-2,0,13,50,6,0
425,2010,Angel Cabrera,18,73,74,69,71,287,-1,94500,45,40,22,18,44,14,295.9,3,45,34,29.5,118,23,2,3,-6,1,13,45,12,0
426,2010,Heath Slocum,18,72,73,70,72,287,-1,94500,32,29,16,18,48,2,270.5,48,53,7,31.3,125,42,0,4,-5,0,16,41,15,0
427,2010,Adam Scott,18,69,75,72,71,287,-1,94500,12,21,22,18,42,21,290.5,7,51,9,32.0,128,47,0,6,-7,2,15,37,18,0
428,2010,Matt Kuchar,24,70,73,74,71,288,0,69000,17,15,26,24,43,17,281.4,24,44,37,28.5,114,5,2,4,-6,1,9,52,9,0
429,2010,Ben Crane,24,71,75,74,68,288,0,69000,22,33,38,24,48,2,277.6,36,46,27,29.5,118,23,0,3,-3,1,10,50,10,0
430,2010,Kenny Perry,26,72,71,72,74,289,1,57750,32,15,16,26,39,31,277.9,35,47,21,30.5,122,38,3,4,-6,3,5,52,12,0
431,2010,Geoff Ogilvy,26,74,72,69,74,289,1,57750,50,33,16,26,30,48,287.1,12,44,37,28.8,115,11,1,5,-5,0,11,49,12,0
432,2010,Bill Haas,26,72,70,71,76,289,1,57750,32,12,11,26,39,31,287.8,10,43,39,28.0,112,2,-2,8,-5,1,14,42,13,0
433,2010,Yuta Ikeda,29,70,77,72,71,290,2,53250,17,40,31,29,50,1,279.9,31,50,12,31.5,126,44,1,7,-6,0,14,45,11,0
434,2010,Steve Stricker,30,73,73,74,71,291,3,45563,45,33,38,30,43,17,280.0,30,43,39,29.3,117,16,2,5,-4,0,12,45,15,0
435,2010,Soren Kjeldsen,30,70,71,75,75,291,3,45563,17,9,22,30,46,8,271.3,47,54,3,32.0,128,47,2,8,-7,0,13,43,16,0
436,2010,Sean O'Hair,30,72,71,72,76,291,3,45563,32,15,16,30,40,27,282.1,21,45,34,29.8,119,26,-1,4,0,1,7,53,10,0
437,2010,Francesco Molinari,30,70,74,75,72,291,3,45563,17,21,31,30,44,14,277.6,36,47,21,30.3,121,31,1,7,-5,0,12,47,11,0
438,2010,Jason Dufner,30,75,72,75,69,291,3,45563,63,40,45,30,44,14,281.4,24,47,21,30.5,122,38,0,6,-3,0,16,38,17,0
439,2010,Charl Schwartzel,30,69,76,72,74,291,3,45563,12,29,26,30,45,10,280.8,27,42,42,30.3,121,31,2,6,-5,0,10,49,13,0
440,2010,Lucas Glover,36,76,71,71,74,292,4,38625,76,40,29,36,40,27,293.1,5,46,27,29.3,117,16,5,4,-5,1,12,45,12,0
441,2010,Matteo Manassero,36,71,76,73,72,292,4,0,22,40,38,36,48,2,272.8,46,41,43,28.5,114,5,6,2,-4,0,9,50,13,0
442,2010,Steve Flesch,38,75,71,70,78,294,6,34500,63,33,22,38,37,37,274.8,44,50,12,31.5,126,44,0,12,-6,0,12,43,16,0
443,2010,Retief Goosen,38,74,71,76,73,294,6,34500,50,29,44,38,39,31,280.1,29,40,46,29.3,117,16,4,8,-6,0,16,39,13,0
444,2010,Camilo Villegas,38,74,72,71,77,294,6,34500,50,33,26,38,36,42,287.0,13,43,39,30.3,121,31,0,5,1,0,11,44,17,0
445,2010,Dustin Johnson,38,71,72,76,75,294,6,34500,22,15,31,38,38,34,300.8,1,46,27,31.5,126,44,-1,9,-2,0,13,42,15,0
446,2010,Zach Johnson,42,70,74,76,75,295,7,30750,17,21,38,42,45,10,280.8,27,46,27,30.0,120,28,4,5,-2,0,7,54,8,0
447,2010,Mike Weir,43,71,72,76,77,296,8,28500,22,15,31,43,32,47,281.5,23,41,43,29.3,117,16,3,8,-3,0,9,48,13,0
448,2010,Robert Karlsson,43,71,72,77,76,296,8,28500,22,15,38,43,37,37,289.3,9,46,27,30.8,123,40,5,7,-4,0,15,37,17,0
449,2010,Robert Allenby,45,72,75,78,73,298,10,24750,32,40,46,45,40,27,283.3,17,45,34,30.3,121,31,4,12,-6,0,16,36,15,0
